static const char kernel_config_data[] __used = MAGIC_START
	"\x1f\x8b\x08\x00\x00\x00\x00\x00\x02\x03\x8c\x3c\xdb\x72\xe3\xb6"
	"\x92\xef\xf9\x0a\xd5\xe4\x25\xa7\x76\x33\xd1\xcd\xb7\xdd\xf2\x03"
	"\x44\x82\x12\x22\x92\xa0\x01\x50\xb2\xe7\x85\xa5\xd8\xf2\x8c\x37"
	"\xb6\xe4\x23\x6b\x26\x67\xfe\x7e\xbb\x01\x5e\x00\x12\x94\x9d\x4a"
	"\xcd\x8c\xd0\x8d\x06\xd0\x68\xf4\x0d\x0d\xfe\xfa\xcb\xaf\x03\xf2"
	"\xfd\xb8\x7f\xd9\x1c\x9f\xee\x37\xcf\xcf\x3f\x07\x5f\xb7\xbb\xed"
	"\x61\x73\xdc\x3e\x0c\x1e\x9f\x9e\xb7\xff\x3b\x08\xf9\x20\xe5\x6a"
	"\x40\x43\xa6\x3e\x03\x72\xfc\xb4\xfb\xfe\x9f\x3f\x36\x87\x97\xf3"
	"\xe9\x60\xfa\x79\x74\xf5\x79\x32\x3e\x1b\x2c\xb7\x87\xdd\xf6\x79"
	"\x10\xec\x77\x8f\x4f\x5f\xbf\x43\xef\xa7\xfd\xee\x97\x5f\x7f\x09"
	"\x78\x1a\xb1\x79\x11\x04\xc5\x8a\x0a\xc9\x78\x5a\x28\x7a\xab\xae"
	"\x3f\x91\xdd\xc3\x61\xff\xf4\x30\xf8\x6d\x34\x1c\x5e\x5e\x0c\xaf"
	"\xce\xfe\x7b\xf0\x5f\xaf\x5f\xf7\xf0\xe7\x5f\xfb\xe7\x23\xfc\xf5"
	"\x7c\x84\x1f\xbf\xbf\x3c\x63\xdb\x5f\x9b\x37\x98\xcb\x7e\x37\x38"
	"\x4c\x2f\x2f\x2e\xa6\x17\xf7\xff\x1a\xdc\x3f\x6f\x76\x5f\x07\x3f"
	"\xb6\x87\x37\x18\x67\x30\xba\xf8\x3c\xfc\x3c\x1e\xfc\xf6\xed\x78"
	"\x7c\x7d\xfb\x9f\x3f\xfe\xd8\x18\xea\x9f\xbf\xee\xf7\x5f\x9f\xb7"
	"\x6f\xfb\xef\x87\xfb\xed\xe7\xfb\xfd\xcb\x1f\xc7\xfd\xfe\xf9\xfe"
	"\xdb\xe6\x69\xf7\xc7\xf3\xf3\x8f\x97\xdf\x5f\x0f\xfb\xff\xdb\xde"
	"\x1f\x07\x0f\x57\x8f\x97\x57\x8f\xd3\x87\xd1\xf9\xf9\xf9\xe4\xe1"
	"\x6c\x38\x1a\x6f\xcf\xee\x87\x57\xd3\xab\xb3\xc7\xc9\x5f\x93\xe1"
	"\xf6\x7e\x3b\x79\x18\x4f\xce\xc7\xff\xfa\x54\x2d\x68\xde\xac\xe8"
	"\x7a\x68\xad\x92\xc9\x22\x88\x49\x3a\xbf\xfe\x59\x35\xc6\x21\x36"
	"\xc6\x71\xd8\x34\x69\x8c\xba\xfb\xe8\x62\x38\x1c\x8e\x6b\x74\xc0"
	"\xf7\x43\x80\x7a\x40\xd2\x22\x66\xe9\xd2\x22\xd5\x34\x16\x52\x11"
	"\xc5\x02\x07\xb6\x20\xb2\x20\x32\x29\xe6\x5c\xf1\x06\xa0\x38\x8f"
	"\x65\x21\xf3\x2c\xe3\x42\x15\x82\xc6\xa2\x81\x31\x71\x53\xac\xb9"
	"\xb0\x86\x98\xe5\x2c\x0e\x15\x4b\x68\x01\x3b\x47\x66\x31\x2d\x24"
	"\x74\xb3\xa8\x2d\x04\x25\xb0\xc8\x34\xe2\xf0\x47\xa1\x88\xc4\xce"
	"\xb0\xf7\xbf\x0e\xe6\x5a\x90\x9e\x07\x6f\xdb\xe3\xf7\xd7\x46\x1a"
	"\x58\xca\x54\x41\xd3\x55\x41\x04\x2c\x98\x25\x4c\x5d\x4f\xc6\x80"
	"\x5e\xcd\x9b\x27\x19\x83\x61\x14\x95\x6a\xf0\xf4\x36\xd8\xed\x8f"
	"\x48\xa1\xe6\x10\x0f\x48\x5c\xb1\xe8\xd3\xef\xaf\xdb\xc3\xe3\xa7"
	"\xa6\xb3\x0d\x2d\x48\xae\xb8\x87\x82\x5e\x51\x21\x49\x0c\x82\x58"
	"\xef\xe8\x82\xac\x68\xb1\xa4\x22\xa5\x71\x31\xff\xc2\xb2\x66\x81"
	"\x36\x24\xfe\x32\x6d\x00\x2e\x76\x3d\x85\x06\xd5\x33\x76\x48\x23"
	"\x92\xc7\xaa\x58\x70\xa9\x52\x92\xd0\xeb\x4f\xbf\xed\xf6\xbb\x6d"
	"\x23\x59\x72\x4d\x1c\x6a\xf2\x4e\xae\x58\x16\xd8\xa4\x6a\x58\xc6"
	"\x25\xbb\x2d\x92\x9b\x9c\xe6\xd4\x33\x56\x20\xb8\x94\x45\x42\x13"
	"\x2e\xee\x0a\xa2\x14\x09\x16\x36\xe5\x5c\xd2\x98\xcd\x3c\xfd\x48"
	"\x0e\x27\xbd\xb5\x7e\x22\x82\x85\x01\xc0\x84\x80\xc5\x71\x03\x3f"
	"\xd1\x5a\xac\x89\xd2\x83\x3a\x8d\x4a\x50\x5a\x89\x08\xc8\xdb\xe0"
	"\xed\xfb\x5f\x6f\x3f\xdf\x8e\xdb\x97\x46\x44\xe6\x34\xa5\x82\x05"
	"\x5a\x1c\x33\xc1\x67\xb4\xa1\x61\x83\xe4\x82\xaf\xfb\x21\x45\x4c"
	"\x57\x34\xf6\xc3\x69\x14\xd1\x40\x31\x5c\x59\x14\x15\x89\x11\x5a"
	"\x0f\x5e\xc2\xe6\x02\x8e\x15\x88\x9a\xc5\x0f\x11\x02\x08\x4e\xd0"
	"\x1a\x0e\x8f\xa4\x69\xe8\x1e\x9f\x90\x27\x84\xa5\xbe\xb6\x62\xc1"
	"\xa8\x40\x4e\xde\x75\x07\x4b\x24\x43\xcc\x5e\x40\x87\xec\x82\xa4"
	"\x21\x9c\x92\x92\xb2\xd3\x15\xd1\x23\x2e\x02\x1a\x96\xa7\x93\xd9"
	"\x1a\x49\x66\x44\x48\xea\x1f\x4c\x2f\x19\xe4\x93\x95\xe4\x2d\xcd"
	"\xa0\x25\x20\x80\xf3\xb5\x94\x3c\x07\xda\x45\x48\x14\xe9\x52\xd0"
	"\x9a\x62\xd5\x11\x87\x0a\xac\x09\xc0\xb6\xa4\x4a\xb6\x48\xa3\xae"
	"\x02\xfd\xb5\x2c\x66\x82\x93\x30\x20\x52\x9d\xec\xed\xa0\x69\x51"
	"\x52\x4f\x2f\x60\x0f\x7c\xd2\xa4\xc9\xf2\x94\x82\x50\x58\x44\x53"
	"\x5e\x2c\xbe\xa0\xb6\x49\xf4\xee\xd6\xe7\x02\x1a\x33\x18\x8d\x87"
	"\x2c\xf0\x1c\x0e\xd3\x8b\x01\x6f\xec\x3e\xa6\x35\xca\xe3\xb8\xaf"
	"\x8b\xb5\x71\x6c\xbe\x40\xc1\xd1\xac\x12\xd2\x26\x93\xc1\xc9\x48"
	"\x32\x05\x3d\x52\xea\x3f\xf1\x25\xc2\x8a\xc7\x79\xaa\x88\xb8\xf3"
	"\x0c\x57\xe2\x34\x03\x56\x9d\x02\x0e\x7d\x2a\x6e\x05\x59\xfe\x87"
	"\xda\xbc\xfd\x3d\x38\x02\xdb\x06\x60\x31\x07\x6f\xc7\xcd\xf1\x6d"
	"\xb0\xb9\xbf\xdf\x7f\xdf\x1d\x9f\x76\x5f\x5b\xfc\x83\x0e\x05\x09"
	"\x34\x0d\x23\x4e\xf5\xa4\x56\x0c\xcc\x88\x0b\xc6\x1d\xf3\x4c\x0d"
	"\xc5\x4b\x0b\x88\x43\xa8\x92\xcb\x60\x01\x02\xbb\x46\xb5\xdc\x6a"
	"\x93\x34\xd0\x76\xa5\x98\x71\x2e\xdb\x9a\xc9\xa0\x90\xd5\xbc\x94"
	"\xe8\x7a\x5a\x33\x19\xa2\xee\x08\x28\x28\x41\x18\xcf\x67\x4b\x90"
	"\x28\x9a\x4d\x67\x13\xf4\x48\x21\x8d\xc9\xdd\xa9\x6e\xc5\x2d\x02"
	"\x2d\x33\x88\x6d\x8c\x7b\x57\x96\x49\xe6\xec\x32\x9c\xe8\xca\x0e"
	"\x84\x4c\xa2\x4d\x0d\xfd\xbb\x0d\x88\x91\x12\x24\xf0\x6a\x77\x60"
	"\x38\x93\x3c\xae\xb4\x93\xde\x55\x11\xe4\x03\xd9\x3d\x00\x95\x04"
	"\x00\xb8\x99\x15\xfc\x00\x93\x0e\xa2\x6e\xf3\xdb\xc1\x40\x45\xdd"
	"\x6e\x42\x8e\x15\x9e\x26\x3d\xcd\xee\x00\xc0\xdd\x38\x6e\x0e\x99"
	"\x05\x49\xa9\xde\xd9\x79\x30\x8b\x99\xbd\xa9\x08\x8b\x48\xca\x73"
	"\x75\x7d\x3e\xed\x36\x82\x52\x27\xd1\xf5\xe8\xdc\x85\x48\x55\x9f"
	"\xb2\x9a\x7b\x08\xd1\x02\xe3\x61\x9e\x9e\x00\x0f\x66\xc8\xc5\x96"
	"\xab\x53\xcc\x58\x3a\xb6\xdc\x28\xb6\x34\xff\xe8\xb6\x68\xe9\xb2"
	"\x9b\x17\xa0\x6a\xcd\x89\xae\xbd\x11\x24\x1a\x81\x35\x62\x91\x02"
	"\x7f\xce\x76\x72\x52\xd8\x3b\x5a\x44\x71\x2e\x17\xa0\x9b\xc0\x21"
	"\x50\x59\x9c\xcf\xbd\x0e\x8f\xd9\xec\x84\xdc\xba\xc4\xea\x59\xb0"
	"\x54\x81\xfb\x47\x22\xda\x1e\x70\xd2\x56\xa0\xe6\xb0\x68\x35\x5a"
	"\x89\x8c\xbc\xff\xb6\x7d\xf8\xfe\xbc\x3d\x0c\x1e\xb7\x9b\xe3\xf7"
	"\xc3\xf6\xcd\xe8\x87\xd2\x49\x00\x67\x35\xc9\xf4\x1e\xfb\x3c\x05"
	"\x54\xdc\xa5\x23\x29\x8b\x34\x4f\x48\x31\x23\xe0\xdd\x06\x8e\xf8"
	"\xbb\x58\x30\xd9\xd1\xf8\xd2\x72\x53\xe7\x82\xe7\x99\xc5\xb4\x8c"
	"\xcc\xa9\xd1\x55\xb6\xf9\x01\x37\x26\x98\xb7\x7e\x56\xce\x52\xa7"
	"\x0d\xbc\x4b\x7d\xaa\xda\x30\x6d\x14\xd1\xf1\x29\x56\x89\x46\xcc"
	"\x18\x58\x05\xd9\x46\x5b\xc2\x5f\x96\x54\xc4\xcb\x72\x92\xb6\x74"
	"\x85\x74\x96\xdb\x30\xdf\x09\xd5\x80\x62\x2d\x98\xa2\x33\x12\x2c"
	"\xdb\x6b\x36\xbb\xd1\xb4\x46\x84\x89\xc2\x85\x34\xf2\x12\x81\xc5"
	"\x03\x93\xbc\x66\xa1\x5a\x78\x95\x05\xe8\x60\xab\xaf\x17\xa5\x1c"
	"\x36\x63\xa1\x3c\x05\x17\x61\x42\xfa\x97\x13\x81\x52\xf8\x62\xef"
	"\x0c\xc8\xa6\xa4\xb6\x39\xc7\x63\x81\x83\x94\x10\x67\x19\x86\x46"
	"\x48\x57\xcc\xaf\xd4\x0c\x1c\x3a\x96\xda\xb5\x33\x77\x2a\xa2\xfe"
	"\x7e\xb3\x2c\xf2\x8e\x36\xf3\x1e\x2c\xc9\x83\x65\x8d\xe3\x38\x33"
	"\xe5\x31\xe1\x02\x04\x51\x59\x5e\x0c\x7a\xec\xe0\x3e\x81\x49\x69"
	"\xda\x72\x94\x7c\xd9\x72\xac\x05\x34\xf9\x55\x3a\xb0\xc5\x05\x55"
	"\xa4\xa9\x6a\x91\x81\x39\x04\xcb\x8c\xc3\x79\x41\x6f\x41\xc1\x64"
	"\x7c\x6b\x30\xd6\x0f\x02\x9d\x4a\x42\x1d\x80\xca\x53\xda\x8a\x26"
	"\x40\x90\x42\x0a\x06\x21\x20\xaa\x47\x4c\x04\xda\x3e\x5f\xdc\x14"
	"\xa3\x5d\x5c\xe9\xf8\x4d\xd8\x4e\x2f\xfe\x26\x09\x10\x36\x9e\xa1"
	"\x15\x55\x89\xb0\x15\x4c\x41\xc3\x0c\x1a\xc6\x4e\x4b\xfc\x25\x21"
	"\x8e\xe6\x0e\x8b\xdb\x2f\xfe\xa9\x21\x32\xef\x07\xf9\x42\x2e\x88"
	"\x83\x79\x06\x5e\x07\xfb\x42\x51\x01\x68\x11\xe2\x22\x01\x2d\xe5"
	"\xb0\xa6\x8d\x26\xe1\x1f\x3e\x86\x83\x67\x6b\x8b\x84\xf6\x41\x72"
	"\x16\x8e\xce\x2d\xde\x6b\x1c\x30\xae\x01\xcd\x94\x4e\x7a\xa0\x71"
	"\xb4\x34\x8a\x16\xd3\xf2\x47\xdb\x04\xb7\x68\x69\x6f\x1c\x25\xca"
	"\xd9\xc6\x39\x55\x18\xb3\x14\xa5\x9f\xed\x9f\x27\x6e\x48\xed\x87"
	"\xdb\x22\x80\x93\xf3\xf4\xac\x51\x22\xe3\xfc\xfb\x7c\x4b\x1d\x71"
	"\xd6\x8e\xab\x63\x81\xda\xbf\x8b\x34\x61\xb6\x6d\xb5\xb4\x37\x8d"
	"\x23\x7d\xba\x2c\x30\x01\xa5\x8c\xfe\xb3\xa5\x0e\x73\x45\x6f\x5b"
	"\x3f\xe1\xfc\x58\x54\x32\x6e\xe3\x4b\x36\x4f\x49\x1c\x59\x82\xa9"
	"\xe7\x69\x37\xe8\xd0\xc1\x6e\x90\x0b\x47\xd5\x13\x66\xa5\x49\x48"
	"\xb8\x62\x30\xa9\x92\x51\xae\x91\x98\x11\x21\x98\xad\x04\x97\x88"
	"\x72\x97\xc8\x6e\x4b\xe1\xc4\x41\x75\xab\x5e\x30\x9e\x34\x0c\x42"
	"\x1d\xd1\x28\x62\x99\xb8\x0d\xdd\xe0\x1a\x2d\xea\x9a\x80\x66\xa8"
	"\xfc\x48\x44\xfb\xd3\x8e\xda\xcb\x06\x18\x7d\x4d\xee\x64\xe1\x86"
	"\x38\x08\xcc\x53\xd8\xa6\x55\x4d\x80\x47\x3e\xbd\x5a\x51\xa9\xb1"
	"\x3a\x64\x40\x93\xc4\x10\x88\x79\xe5\x08\xc5\x56\xf7\x8b\xc2\x3e"
	"\xe7\x01\xa3\xbe\x86\x9f\xb0\xd2\x34\x68\x49\x06\xc4\xaa\x37\x5d"
	"\xc3\x8b\xad\x1e\x9a\x40\x89\x86\xa1\x6d\x54\xf5\xf9\xc4\x23\x5f"
	"\xd4\x51\x67\xa3\x8c\x83\xd1\xd0\xd1\x18\xda\xf3\x29\x53\x99\xd9"
	"\xf6\xf0\xb8\x3f\xbc\x6c\x76\xf7\xdb\x01\xfd\xb1\xdd\x41\x6c\x44"
	"\x20\x4a\x0a\x30\x3a\x82\x38\xd3\x72\xae\x7b\x88\x63\xb3\x36\x05"
	"\x72\x41\x84\x3f\x9c\x33\x6b\xa9\x30\xc1\x29\x81\x5d\xe6\xbe\xa8"
	"\x13\xdc\x15\x3d\x42\xe5\x17\x59\x72\x26\xe3\x7c\x66\x08\x39\xa7"
	"\x1c\x5b\x4b\x87\x48\x6b\x02\x9e\xfa\x4d\x3e\x4f\x32\x02\xe2\x23"
	"\x96\x5e\xb0\x8c\x89\x2f\x43\x84\xd4\xdd\xd1\xb8\x1f\x8d\xe0\x24"
	"\x04\xf8\x73\xa5\x00\xd9\xd3\x06\x18\xfa\x12\xe8\xfd\x17\x02\x14"
	"\x0e\x4f\xfa\xa0\x98\x71\x01\x07\x36\x6c\x2d\x1a\x9d\xe2\x8c\x08"
	"\xc5\x48\xec\xe8\x5e\x45\x13\x6d\xcf\x31\x91\xca\x22\x16\xb4\xf2"
	"\x37\xe0\x9e\x44\x2c\x76\x3c\x54\xad\x9f\xb5\xa9\x75\xb2\x12\xc9"
	"\xb9\x95\xed\x3b\x9f\xce\xec\xf3\x95\x24\x79\x0b\xd5\x38\xae\xa5"
	"\xe7\x3d\x76\x41\xf0\x43\x95\xa0\xa9\x23\xff\x49\x02\xde\xaa\x48"
	"\x31\xea\x00\x3f\x22\x61\xe9\xf5\xe8\xf2\x14\x02\xb9\xbd\x1e\xf7"
	"\x50\xa8\xb6\xb2\x26\x34\xfa\x00\x1e\xd0\x6b\x62\x29\x08\xd6\x82"
	"\xa5\x09\xe4\x4a\x77\xdd\x32\xf2\x71\x4c\xe7\x24\x2e\x34\x97\x40"
	"\xa8\x57\x24\xce\xe9\xf5\xf0\x3f\x0f\xdb\xcd\xc3\xd0\xfa\xcf\x4a"
	"\xd3\x2e\xc1\xcf\xe8\x12\x32\xf4\x21\x56\x8f\x62\x32\x97\x5d\xb8"
	"\x58\x4b\xd8\xbf\xdb\x60\x31\x27\x21\x78\x36\xf1\x9c\x83\xff\xbc"
	"\x48\xba\xc9\x20\xc7\xa2\x58\x8d\xb5\x56\xad\xe6\x2a\xbb\x68\x8b"
	"\x35\x65\xf3\x85\x2f\xc3\x24\x73\xcf\x50\xa0\x7d\xd9\x4c\x80\xc3"
	"\x64\xf2\x02\xb6\xe8\x7f\xe1\x29\xb4\x26\x64\x32\xf6\x1c\x00\xad"
	"\x7c\x2a\x22\x73\xc7\x3d\x4b\xb2\x4e\x22\x39\xe1\x21\x05\x3f\xd0"
	"\x96\xd5\x08\xac\x2d\x25\x22\xbe\x83\xdf\x85\x63\xaa\xb2\xb9\x49"
	"\xc6\xeb\x1c\xa7\xbc\x9e\xf8\x83\xad\x5c\x27\x4f\xdb\xa9\x36\xed"
	"\xa0\x2f\xb5\x7b\xab\xaf\x63\x9a\x59\xd1\xa0\x48\xc6\x93\x5b\x9d"
	"\x74\xfd\x93\xda\xf9\x8d\x84\xa0\x0c\x69\x18\xcd\x05\xb8\x4a\xd4"
	"\x31\x05\xd8\x93\x4c\xc7\x4d\x4f\xaf\x3a\xd1\x44\x0c\x5a\x45\xc4"
	"\xaf\x76\x90\xda\xd9\xc7\xa8\x9d\x7d\x88\xda\x5c\xc9\x8b\xdb\x38"
	"\x86\x48\xec\x7d\x92\x16\xee\x49\xba\x2d\xe4\x35\xe8\x1a\x6f\x07"
	"\x6d\x55\xb2\xe7\xcd\x11\xed\x09\xb4\x3c\x6f\xef\xcb\xeb\xb1\x9a"
	"\x94\x49\xaf\x07\xa8\xa8\xfc\x71\x43\xb9\xad\xe9\x2d\xeb\x07\x93"
	"\x18\xc3\xd9\x7e\xf8\x2c\x48\xc6\x97\x93\xb3\x93\x08\x05\x43\xe1"
	"\x38\x81\x42\x05\xa8\xce\x13\x70\x11\x24\x52\xcd\xfa\x11\xe8\xed"
	"\x5d\xca\x4f\xac\x71\x39\xe9\x87\xc1\xd1\x83\xd3\x1c\x90\xec\xc4"
	"\x22\xe3\xf9\x68\xd9\x0f\x5d\x30\x79\x82\x81\x09\x0d\x19\x1c\xf2"
	"\xe5\x29\x0c\xc9\x4f\xac\x3e\x59\x81\x1d\xee\x73\x75\x6e\x02\x6d"
	"\xe1\x5a\xcb\xe5\x29\xe9\xeb\x00\x42\xc5\x5b\x27\x17\x54\x26\x77"
	"\x7d\xb0\x72\x57\x52\xd0\xcd\x27\x04\x27\xc8\x67\xe4\x04\x38\x4c"
	"\xce\xcf\x87\xfd\x70\x41\x49\x7c\x92\x2d\x20\x32\xcb\x60\xc1\xb2"
	"\x13\x43\x50\xa2\x54\x7c\x62\xdf\xc0\xf3\xbb\x81\xa0\x9f\x8a\x53"
	"\xd3\x48\xa9\x24\xa7\xce\x87\xc2\xbb\x9a\xdb\xd1\x89\xa5\x28\x3a"
	"\x17\xa7\x38\x91\x89\xf0\x44\xe7\x45\x9e\x86\xa7\x66\x58\x22\x8c"
	"\xfb\x31\xf2\x94\x65\x78\x0b\xd4\x8f\xb1\x82\x80\x10\xe2\xfd\x13"
	"\xcb\xbc\x45\x8b\xd2\x0f\xfe\x72\x7b\x02\x06\x5c\x4e\xb2\x8e\x72"
	"\x9a\x7d\xc7\x7b\x93\xd7\xd7\xfd\xe1\x68\xf9\xb5\x81\x15\x6b\xc1"
	"\x8f\xf2\xaa\x49\x7a\x1b\x2b\x2b\xe7\x02\x3d\xe1\x27\x34\x53\xb4"
	"\x4d\xb3\xdc\x97\x05\xc1\x4e\x89\x6c\x8d\xdb\x77\x03\x86\xb0\x9b"
	"\x9c\x89\x65\xcb\xa9\x67\xdd\x8c\x8f\x03\x95\x2a\x9f\xf5\x02\x19"
	"\x5f\xf5\xc2\x20\x60\xea\x87\x11\xc9\xfc\xa2\x53\x66\x76\x11\xab"
	"\x6b\x15\xa0\xed\x7e\xbf\x3b\x1e\xf6\xcf\x98\x81\x7d\x38\x3c\xfd"
	"\x30\xb1\x85\x31\x0e\x9b\x87\x2d\x86\x1f\x80\xb5\xb5\xd0\xec\xbd"
	"\x72\xf8\x0a\x7e\x0a\xf8\xc9\xe0\x5d\x2d\x5a\x59\x6f\x67\xa6\x91"
	"\x82\x3f\x47\xc3\x61\x2f\x02\xf6\xae\xf6\xb3\x0f\x89\x16\xb7\xe8"
	"\x43\xdf\xf6\x12\xe9\x17\xd2\x7a\x88\xf2\xb4\x40\xfc\x93\x7c\x0c"
	"\x91\x06\xa4\x1f\x33\x91\x49\x87\xbd\xe1\xf6\xed\xe9\xeb\x6e\xbd"
	"\x39\x68\x1e\x42\xec\x06\xff\x90\x3d\xbc\x0b\xd7\x45\x06\x7e\xe3"
	"\x69\xde\xf5\xda\x0f\x4d\x02\x35\x7c\x3f\x74\xc9\x04\x4b\xbd\x12"
	"\x40\x77\x0f\xaf\xfb\xa7\x5d\x7b\x4e\x05\x4d\x43\xed\xc2\x7a\x3b"
	"\xbd\xfd\xf3\x74\xbc\xff\xe6\x97\x1e\x57\xdc\xd7\xf0\x3f\x53\xc1"
	"\x42\xd1\xa0\x2f\xd8\x8d\x9a\xd4\xbf\x6e\x86\xa8\x65\xb0\x3d\x1c"
	"\x36\xc7\xcd\xe0\x9f\xfd\xe1\xef\xcd\x01\xa2\xde\x87\xb7\xc1\x8f"
	"\xa7\xcd\xe0\xf8\x6d\x3b\xd8\x3c\x43\x08\xbc\xdb\x1c\x61\xbc\xb7"
	"\xc1\xe3\x61\xf3\xb2\x45\xac\x46\x75\x98\xa0\x87\x0a\x50\xc7\x79"
	"\x52\x5c\x8e\xcf\x27\xa3\xab\x76\xb4\xd4\x40\x2f\x4e\x42\xa7\xc3"
	"\xf3\x7e\xe8\xe8\x6a\x7a\x31\xee\x85\x4e\xc6\xc3\x8b\xb3\x5e\xe8"
	"\xf4\xec\xe2\xc4\xb8\xd3\xc9\xb4\x1f\x3a\x1a\x8e\xa7\x17\xa3\xcb"
	"\x5e\xf0\xe8\xf2\xf2\xf2\x62\xd2\x0b\x9e\x9e\x4f\xc6\xe3\xde\x89"
	"\x8d\xce\xa6\xe3\xe9\x09\xe2\x1a\xdc\x3f\xb5\x8b\xe9\x78\x78\xd5"
	"\xdb\x1b\x58\x3d\x9d\x5c\x5a\xf9\xc5\x80\xac\x18\xb4\x57\xf0\xf1"
	"\x78\x62\xb3\xac\x0d\x9d\xc0\xe8\xfd\xd0\x8b\xe9\x59\x3f\xe5\xc9"
	"\x70\x34\xb2\x28\xe3\x59\x29\x22\x12\x2f\xb9\xb0\xd8\x3a\x9c\xbc"
	"\x8b\x71\xd5\xc2\xb8\x09\x23\x90\x91\x61\x8d\x32\x1c\x9e\x5b\xc3"
	"\x48\x1e\x80\x4f\x0d\x41\x4e\xe3\x60\x60\xca\x8a\xd9\x81\x3e\x1e"
	"\xea\x98\x61\x84\x55\x0f\x73\x3e\x3a\x1f\x0e\x2f\x87\xe3\xd3\xb3"
	"\xa1\xa3\xe1\x74\xd4\xe6\xf4\x74\xa9\x13\x01\xd2\x75\xd2\x10\x32"
	"\x3a\x2f\x41\x3d\xf6\x19\x71\xce\xa7\x1e\x1c\x07\x63\x45\x4c\xe8"
	"\x3e\xb9\xea\x8e\x50\xc1\xa6\x97\xef\x75\xbf\x9e\x5c\xb5\x93\x17"
	"\x55\xd7\x6e\x5a\xc3\xf4\x98\x5e\x5a\x69\xa3\x2c\x87\xc6\x39\x6a"
	"\x28\x46\xd2\xde\x7b\x89\x24\x70\x62\x44\x73\x99\x9f\xf8\x2e\x64"
	"\x53\xa1\x6f\x8b\xae\xeb\xe4\x47\x65\x35\x9d\x0b\x5a\x13\x41\xe8"
	"\xbb\xbd\xaa\xae\xa9\xc4\x7b\x0f\x47\xc0\xbf\xec\x3c\xab\xc6\x82"
	"\x41\xe7\x19\xe3\xd7\xa3\xf1\xe5\xd0\xaa\xe5\xc8\xbd\xd7\x5f\x0b"
	"\x1e\x53\xbc\xbd\xd4\x11\x7f\xab\x5e\xa4\x65\x4d\x1b\xc0\xf8\x6c"
	"\xd8\x42\x9d\xf4\x18\x5e\x43\xc5\x4f\xe6\x1a\xc8\xb8\x8c\x5d\x08"
	"\xac\xc9\xe8\xbb\x62\x2d\xd3\x8a\x20\x46\x3a\x9f\xe8\x29\xb4\x31"
	"\x8b\x31\xec\xc1\xb4\x43\x3b\xb7\x6c\x6a\x84\x00\x5e\x72\xb2\x17"
	"\xdc\xc9\xeb\x95\xde\x7e\x0c\x11\x76\xc5\x7e\xdf\x00\x11\x98\x5a"
	"\x1f\xf9\xa6\xd8\x2c\x8b\x52\x4c\x32\x31\x3b\x97\xbb\x6e\x25\x5b"
	"\x9b\x9c\x5f\xb3\xf8\x45\x3e\xa7\x2a\x9e\x45\xd2\x97\x2e\x47\x60"
	"\x91\x25\xa1\xc9\xc9\x7a\x18\x13\x40\x4c\x4f\xb1\x9e\x92\xea\x0b"
	"\xa0\xf6\x59\x08\x13\xa2\x33\xb5\x8c\x7b\xf2\x7f\x08\xd4\x00\x88"
	"\xc4\xd9\x3c\x4d\x60\x92\xd7\x57\x4e\x35\x26\x96\xab\x2c\x48\xc8"
	"\xd7\x98\x51\x8a\x4d\xbe\xcd\x2f\xb9\x32\x83\xe8\x4f\xcf\x34\x53"
	"\xe5\x6d\x7d\x93\xcd\xc0\x0c\x9e\xe3\xf2\x12\x41\xb0\x08\xc7\xef"
	"\x7b\x94\xc0\x76\xe1\x8d\x17\x79\x49\x6f\xa9\xdf\xe7\x0b\x04\x91"
	"\x8b\x22\xcc\x13\x7f\x90\x77\xdb\x93\x23\xe1\xcb\x78\x5a\xcc\x73"
	"\x7f\x29\xa7\xb9\x8e\xc7\xba\x06\x3c\x53\x5c\x80\x8f\x87\x59\xcb"
	"\xe6\xfe\x20\xc5\x9c\x65\x99\x1d\x03\xd7\x8c\xc6\x3d\x67\x47\xe7"
	"\x87\x8b\x99\x20\xa9\xce\x6e\x41\x18\x1f\x28\x2e\xbc\x09\x39\x8d"
	"\x49\xe3\x31\xc4\x59\x88\xd3\xce\xf7\x16\x52\xce\x42\xb7\x24\x0b"
	"\x2f\x60\x57\x20\xab\x31\xb9\xe3\xb9\xea\x55\xac\x8a\xcc\xe7\x78"
	"\x15\x1b\x86\xa2\x20\x33\x2b\x84\x29\xf3\xad\xab\x50\x5a\xd1\x7c"
	"\xc2\x14\x9b\x63\x42\x51\x66\x30\x0f\x41\xab\xc9\x83\x2d\x82\x59"
	"\xdd\x39\xb3\x5a\x5d\x5a\x37\xb6\x96\x20\xac\xb3\x82\x26\x79\xdc"
	"\x4a\x6f\x07\xd9\xe8\xac\xa8\xee\x53\x3c\x70\x49\x15\x68\x6d\x1f"
	"\xa4\x64\xc0\xba\x50\x6a\x26\x86\x20\x38\x75\x59\x11\x40\x7e\x5c"
	"\x7e\x1e\x0d\x36\x87\xfb\x6f\x4f\xc7\xed\x3d\xf8\x8a\x9b\x67\xbb"
	"\x5e\xc4\xa1\x00\xc7\x94\x44\xe1\x2c\xe9\x1a\x92\xd4\x63\xb2\x16"
	"\xb4\xe3\x94\x9a\xe1\xc6\x1f\x1c\x2e\x27\xbc\x4b\x36\x4b\xdc\xa0"
	"\xc2\x01\x82\x28\x63\x31\x73\x77\xe9\xab\xce\x81\x07\xdd\x95\xc3"
	"\x71\xcc\x62\x5b\xdf\xe0\x95\x17\x6c\x86\xab\xb9\xcc\x15\x06\xde"
	"\x1e\xe3\xd5\x9e\xaf\xbd\xa4\x25\xe8\x1c\xef\x84\xcb\xcb\x4e\x13"
	"\x7f\xef\x61\x9a\xfb\x57\xcc\x0a\x5a\xcb\x0b\x92\x10\x15\x11\x5e"
	"\xa7\xd7\xab\xa3\x91\x3f\xfe\x30\xa5\x4b\x66\xce\x24\xcb\x60\x87"
	"\x41\x16\x43\x35\x2b\x58\x02\x66\xe0\xdd\x2e\xe5\x19\x43\x51\xc5"
	"\xdc\x03\xce\x0f\xef\xed\x7b\x8b\xa7\x4b\xce\xa7\x55\x07\x18\xcc"
	"\x90\x70\x0a\xa1\xc5\x1d\x87\x8d\xc8\x75\x41\x39\x11\xa0\x77\xc2"
	"\x77\x08\x86\xaa\x00\x2b\x2d\x4c\x8a\xdd\x39\x3e\x56\xb2\x5c\xdf"
	"\xa9\x2d\x68\x9c\x99\xcc\xbe\x66\xe0\xe2\xe7\xeb\xf6\xf0\xe3\xe9"
	"\x6d\x7f\x70\x8a\x97\x16\xdd\xc8\x69\xff\x0f\x44\x4a\x2f\x9b\xdd"
	"\xe6\xeb\xf6\x65\xbb\xf3\x70\x5d\xe6\x32\x73\x6a\x7a\xcb\x06\xab"
	"\xf0\xa5\xf1\x68\x4a\x90\x5c\xb2\x4c\xdf\x5d\xf6\xd4\xe9\x41\xd7"
	"\x1b\x53\xe9\xae\x6f\x04\x75\x09\x89\x95\xe4\xe7\x8a\x94\x75\xf0"
	"\xb6\xaf\xc0\x66\xc0\x51\x7d\x44\x7d\x89\x92\xa4\x90\x31\xa5\xd6"
	"\x25\x42\xd5\x52\x5e\x2d\x34\x0a\x2c\xd1\xe5\x21\x1a\xe6\x27\xb4"
	"\x26\x4b\xaa\xeb\x7a\x1d\x62\x75\x6b\x39\xb5\xa1\x43\xb2\x81\xce"
	"\x03\x2f\xd5\xd6\x14\xfa\x6a\x70\x00\x14\xc4\x4b\x67\xe0\xea\xbe"
	"\xa4\x49\x37\xd5\x84\xd6\x37\x45\xc6\xd7\xa8\xd7\xa2\x88\x41\x4c"
	"\xdd\x5c\x80\xfb\x49\xb7\x48\x79\x58\xd6\xc6\xe0\x91\x53\xd8\x64"
	"\x16\x52\x9d\x3d\x40\x9d\xfb\xdd\x19\x6b\xb3\xb0\x46\x42\x32\x8f"
	"\xcf\x54\xca\x8a\x05\xae\x0a\x71\x4b\xa9\x4c\x6a\xa9\xac\x13\x40"
	"\x00\x63\x0f\xcf\x5b\x4b\x27\x60\xd5\x67\x68\x13\xaf\x5a\x4c\xa5"
	"\x48\x86\x25\xe1\x82\xad\x5a\x85\xc5\x35\xd2\x9c\xaf\x8a\x18\x6c"
	"\x14\x15\x7d\x25\xa5\x15\x16\xb8\x2f\x96\x87\x03\x27\x53\x43\xb0"
	"\x5a\x96\x4a\xcb\x2e\xd4\x73\x1c\x84\x75\xfa\xa1\xd1\xa0\x48\xb2"
	"\x9c\x6e\xbd\xa0\xe8\xb0\xfd\xf7\xf7\xed\xee\xfe\xe7\xe0\xed\x7e"
	"\xf3\xec\x14\x1a\x57\x67\xc5\x5d\x9d\x3e\x3d\x38\x25\xa2\x94\x28"
	"\x4c\x45\x99\x0f\xdc\x2d\xe5\xae\xc1\x38\xed\x53\x67\x13\x7d\x23"
	"\xe9\x21\x5b\x9d\xca\x76\x7b\x55\x0f\x81\xc3\xf6\xd5\x13\x79\x71"
	"\x51\x7a\x25\xf8\x81\x7e\x1f\xcb\xd7\xa5\x56\x18\x1f\xef\xc2\x41"
	"\xfb\xc3\x7c\xc2\x8f\xf7\xc0\x72\x54\x2a\x56\xfa\xda\xf4\xe3\xbd"
	"\x74\x2c\x92\x2b\x16\x9f\x62\x6d\x97\x45\x5e\x8c\x8a\x31\x3d\x70"
	"\x8f\xda\x74\xe0\xd5\x92\x7b\x45\xa3\x59\x9f\x8b\xd2\x2a\x29\x77"
	"\x7a\xd5\xeb\xb3\xc5\xf7\xb1\x2d\xbe\xbe\xbc\x1b\x20\x1a\x6e\xa9"
	"\x3e\x6e\x1a\x70\x9e\x24\x77\x7d\xd9\x00\x1d\x60\x43\x14\xa0\xe0"
	"\xd8\x95\x1d\x7a\x51\x75\x76\xa2\xa2\x8a\x76\xd7\xef\xfb\xb8\x78"
	"\x8b\xb5\xe3\xed\xb4\x81\xdd\xa2\x92\x9a\x39\xad\x5c\x6b\x8d\x70"
	"\xc3\x05\xbb\xf1\x4d\x56\xf3\x26\x7a\x3a\xbc\xfc\x83\xb9\x58\xaf"
	"\xa6\xc8\x24\xe6\xa6\xd7\x2d\x57\xce\x34\xeb\x52\xc8\xde\x4b\x13"
	"\x30\x7c\x41\x82\xd9\x79\xae\x78\xc0\xe3\x13\x58\xd9\x47\xb0\x42"
	"\x5a\xe8\xb2\x81\xa8\xef\xcc\x45\x4c\x24\x6b\x08\x1f\x31\xbe\x85"
	"\x00\xc5\x8f\x03\x21\x5e\x54\xd6\xde\x78\xf6\x42\xb3\x1a\x66\xdd"
	"\xca\x2f\x41\x4b\xa1\x6b\x4e\x1a\x8e\x56\xcd\x10\x34\xa6\x58\x68"
	"\x65\xaa\x04\xfa\xad\x5e\x19\x40\x43\xa7\x24\x08\x9c\xf4\xcb\x9c"
	"\xf3\x39\x56\x9c\x97\xb3\xef\x6c\x8f\xda\x7e\x3d\x6c\x06\x8f\xd5"
	"\x26\x19\xa9\xb6\x85\x1a\xa3\xc8\x1c\x42\xdb\x2f\x7d\x4e\x49\x59"
	"\xeb\x22\xee\x32\xfb\xe2\xd2\xfc\xc6\xc0\x77\x7c\x76\x5e\x57\xd5"
	"\x58\x81\x65\x05\x3e\x1b\x8d\x0d\xd8\xfb\x96\xad\xc2\x1a\x55\xc3"
	"\x50\xef\x10\x36\xf4\xd4\x18\x45\x9f\x42\xad\x51\x27\xdd\xc9\x74"
	"\xb0\x92\xc9\xc7\xa8\x25\x53\x2f\x9e\x8b\x35\x5f\x60\x88\x7d\x62"
	"\xfe\x81\x08\x26\xe3\x0f\x10\x22\x54\xb6\xab\x97\xda\x10\x1f\xfb"
	"\x6c\x60\x11\xd8\xc2\xe9\x43\x98\xd9\x6e\x5b\x07\x01\xcb\x58\xbc"
	"\x28\xc1\x82\xc0\xff\xe3\x61\x55\xe8\xd2\x5e\x63\x43\x62\x26\x3b"
	"\x22\x5a\x3d\x28\xb5\x02\xc3\xed\xef\x0f\xdb\xd7\xed\xee\xc1\xf5"
	"\xe5\x9b\x18\xc4\x14\xc0\x78\x37\xe7\xcf\x3c\xc9\xc0\x19\x9a\x51"
	"\x9f\xfd\xea\x54\xce\xe8\x83\xd5\xf8\x9d\x79\xaa\x93\x3c\x18\xf1"
	"\x07\x81\xf3\x86\xc0\xbc\x17\xf5\x76\x5f\x0a\xaa\xbc\x00\xa7\x54"
	"\xb6\xc9\x81\xe9\x5a\xa9\x05\xe7\xcb\x16\x10\x33\x4d\x58\x52\xc6"
	"\xe6\x39\xcf\x3d\xe5\x4d\x10\x02\x18\x77\xcd\x3c\xff\xf3\xbc\xf3"
	"\x43\x20\x96\xcf\xa2\x3b\x65\xd7\x25\xd5\x89\x30\xb0\xd7\x8a\x45"
	"\x77\x55\x49\x77\x17\x01\x3a\x96\x09\x3e\xef\xcc\xcd\xab\x60\xa9"
	"\x44\x1e\xa8\x62\xbd\x60\x8a\xba\xcf\x7c\x34\x2a\x84\xc2\xb0\xdb"
	"\x18\x40\x61\x26\xac\xe4\x24\xc4\xaf\x6d\x66\x94\x35\xa0\x76\x93"
	"\x13\x35\xe8\x16\xb0\x58\x33\x18\xd4\x94\xcc\xfb\x0a\x40\x71\x34"
	"\x5f\xbb\x29\xd2\xd4\x33\xc0\xfc\x96\x6f\x39\x8d\xa8\xb4\x67\x16"
	"\xe4\x85\x29\xc4\x8a\xcc\xab\x56\x97\x4d\x66\x6b\xcd\xdb\x9c\x20"
	"\xc9\xb0\xaa\xad\x4d\xbe\x94\xa2\x92\x53\x98\xb4\x6d\xaf\xd4\xf4"
	"\x33\x4f\x9b\x7b\x60\x21\xcf\xbb\x11\x87\xce\x78\x96\xd9\x27\x96"
	"\x05\x85\x79\xf7\x59\x3d\x9d\xf6\xac\xb2\x4c\x2d\x82\x89\x88\x9d"
	"\xb7\x37\x7d\xed\x26\xa1\x89\x8c\x43\xab\xaa\xf3\x69\x9d\xe7\xe7"
	"\x2e\x58\xbf\x6c\xb4\x08\xf7\xf4\x6d\x75\x02\xde\xf0\xfe\x07\x45"
	"\x31\x6a\x15\xf7\xd1\xbd\x8b\xa0\x16\x2c\x8d\x6d\x8b\x84\x3d\xd2"
	"\x56\x16\xbf\xa6\xf2\xee\x33\x27\x5f\x06\xb7\xc9\x08\xb4\x81\x7d"
	"\x26\x1a\x8f\x2f\x5e\x4b\xe1\x11\x5f\x3a\xc5\xa8\x1a\xdc\xf3\xa6"
	"\xb2\x85\x75\xf2\x3d\xa5\xc6\xc0\x5b\x8f\x22\xcb\x43\x6f\x73\x12"
	"\xf6\x28\x9d\x14\x13\xfc\xb4\xcc\x97\x7b\x44\xd2\x48\x37\xe6\xd2"
	"\x57\x09\xc9\x3a\xb4\xc3\xea\x96\x80\x06\x58\x7f\x6b\x65\x3d\x75"
	"\x06\x4c\xea\x14\x3a\xbe\x01\xc0\x4a\x4d\x8f\x6a\xd1\xa0\x2a\x6d"
	"\xe6\x1b\xda\x29\x8a\x6d\x11\x70\x61\x4d\x35\xad\xa7\xb7\x55\x09"
	"\xdb\x47\xc4\x46\x69\x0a\x6a\x83\x18\xab\x3e\xf1\x4d\x17\x78\x52"
	"\xa1\xd5\x99\xe3\x87\x05\xd8\xbc\x8c\xf5\x27\x9d\x24\x70\x09\x37"
	"\x95\x7e\x1d\xe8\x64\x3c\x63\x26\x4f\xef\x5b\x34\xb2\xba\x7d\x65"
	"\xe0\x6b\x6b\x34\xb4\x02\x55\xaf\xaa\xdc\x9e\x58\xdf\xda\x07\xac"
	"\x17\xd4\xee\x5e\x65\x2d\x3d\xdd\x7d\x20\x41\x23\x2d\x8a\xad\xc7"
	"\x1c\xd6\xbd\x0e\x6c\x3a\x78\x31\x65\x0e\x15\x0b\x1e\xed\xa7\x7f"
	"\x29\x18\x27\xf0\x1c\x6a\x2a\x54\x08\x2e\x3c\x93\x73\xbf\x5a\x51"
	"\xfe\x32\x3e\x42\xc0\x57\xbf\x9b\x4f\x86\xfc\x6d\x8a\x1b\x5e\x0f"
	"\xfb\xc7\x27\x37\xd1\x50\xd3\x41\xec\xb2\x22\x9c\xba\x2f\x35\x4c"
	"\xed\x2e\x68\x31\xbc\x5e\x74\xca\x9e\xe0\x64\x26\xf8\x18\xc5\xb6"
	"\xe2\xfa\x39\x87\xc4\xfa\xfd\xe6\x7b\x20\xa5\xb4\xdb\xea\xa1\xe4"
	"\x98\xb9\xf8\x68\xbf\x9b\x70\x71\x72\xed\xee\xf7\x76\x36\x60\x7f"
	"\xf7\x52\xc5\xfb\x46\x96\x22\xa8\xbf\x8e\xe1\x7d\x37\x54\xe1\xb1"
	"\xb9\xaf\x77\x75\x69\x73\xb2\x63\xd1\x2a\xf9\xb2\x20\xe8\xbf\xfb"
	"\x6b\x69\x1d\x9c\xf1\x78\xfa\x11\xac\xb3\xf3\x0f\x60\x4d\x2e\xa7"
	"\xa7\x67\x6b\xa2\x82\xb6\x92\xd2\x20\x74\xc8\xaf\x3f\xbd\x7d\xdb"
	"\x00\xc2\xa7\xce\x00\x55\xf2\xdb\x3b\x09\x38\x21\x09\x6c\x52\xae"
	"\x53\xe3\xf8\xe2\xa7\x77\x12\xd2\xbc\xb3\x8e\xc1\xcd\xb3\x3d\xb1"
	"\x99\x7b\xed\x87\x8f\xef\x64\x20\x19\xc8\xfa\x0d\x5e\xa7\x39\xef"
	"\x70\xca\x87\x79\x33\xe9\xbf\xd5\xb3\xe0\xad\x2f\x7e\x74\x50\x30"
	"\xf2\x9d\x0b\xa6\xee\x4e\x62\xe1\x75\x5d\x78\x12\x03\xfc\x3f\xae"
	"\x54\xcc\xbc\xf6\x14\x91\x18\xd7\x1f\x31\xb0\x55\x1d\x36\xab\x5c"
	"\xcc\xb8\x79\x32\xdb\x5e\x61\x79\x1d\x62\xdc\x18\xd1\x3b\xfa\x7a"
	"\xa6\x7a\x61\xe5\x63\x4f\x86\xaf\xe6\x69\x1a\xf4\x2f\x12\x77\x8d"
	"\x67\x24\xee\x9b\x7c\xaa\x67\x02\x24\x30\x68\x71\x54\xb9\x17\x8c"
	"\x85\x23\x71\xf9\x04\xd8\x5c\x43\x6c\x0e\xc7\x27\x0c\x56\x06\xea"
	"\xe7\xab\x7d\xa5\xa5\xdf\xb3\xe8\x2e\x24\x5c\x61\xbe\xcc\xd1\x00"
	"\x24\xe0\x22\x6d\x70\xfc\x39\x0c\x76\xfb\x0e\x06\x97\xd1\x7b\x34"
	"\x12\xb0\x51\xef\xe1\x28\x22\xd8\x3b\x38\x09\x09\xfc\x18\x15\x5c"
	"\x86\x5c\x36\x18\xed\xaf\x37\x84\x4c\x2e\x3b\xf1\x59\x43\x9c\xa5"
	"\xb0\x54\x99\xcf\x4e\xcf\x01\x3f\x91\x20\x98\x2c\x6e\x2f\xcf\xdf"
	"\x99\x6d\x0e\xf4\x74\x5e\xe7\xf4\xb8\x71\x98\xbc\x43\x48\xce\xdf"
	"\x63\x4c\x1e\x83\x7e\x78\x6f\x9f\x64\xfe\xde\x5e\x2f\x21\x52\x26"
	"\x27\x39\x4c\x23\xe6\xe7\x2f\x7e\x57\xe8\xfc\xf2\x1d\xfa\xd6\x91"
	"\xeb\x1d\x41\xeb\xa9\xce\x2d\x1d\x1e\x83\xe4\xc6\xad\x21\x36\x98"
	"\xd5\x77\xa7\xa4\x8a\xf9\xbc\xfe\x0c\x10\x6f\xbe\x43\x60\x9d\x06"
	"\xc6\x4d\xb9\x4b\xca\xb9\x73\xa7\x55\xb5\x87\x10\x63\xc6\xad\x37"
	"\x0f\x2d\x94\x20\xb2\x6f\x13\xa2\x9b\xa2\x52\x01\xad\xc7\xf7\x55"
	"\x5e\xdb\xe0\x5b\x2f\xf4\x4c\x33\xce\xe0\xc4\xe7\x9c\x2a\x72\x9f"
	"\xee\x1f\xff\x5d\x3f\x7e\x86\xf5\xb7\x27\x6a\x59\x99\x06\xb8\xbc"
	"\x9b\xb9\xd7\x8a\x15\x60\x16\xf9\xde\x38\x12\x99\x5a\x45\x67\x20"
	"\xb4\x46\xdb\xc8\x8c\xa5\xda\x2b\xe8\xaf\x0b\x22\x0a\x3c\xea\xa0"
	"\x10\xc9\xda\x7e\x5f\x8c\xcf\x6a\x75\x67\x50\x3a\x7c\x9d\xda\x01"
	"\x9e\x79\x8b\xd5\x03\x34\xbb\xe9\x87\x99\x5a\x77\x70\x89\xf4\xb7"
	"\xa9\x42\x8d\xd6\xba\x62\xec\x87\xb4\x3b\x8b\xb5\xbf\x6b\xa7\xdd"
	"\x4c\x37\xfb\x7f\xca\xbe\xad\xc9\x6d\x1c\x49\xf7\xaf\x54\xec\xc3"
	"\x89\x99\x88\x99\x1d\x91\xba\x6f\xc4\x3c\x80\x24\x28\xc1\x45\x90"
	"\x2c\x02\x92\x58\x7e\x61\x54\xdb\x35\xdd\x15\xeb\xb6\x3b\xec\xf2"
	"\x6e\xcf\xf9\xf5\x07\x09\x90\x12\x41\x22\x01\x9d\x8e\xb0\xdb\x42"
	"\x7e\x00\x71\x47\x66\x22\x91\xd9\x80\x1b\x96\x8b\xdb\xbe\xa7\x84"
	"\xba\xea\x2b\x66\xf0\xfd\x70\xd0\xe6\x1a\xa0\x73\x98\xdc\x2d\xdc"
	"\x98\x60\x63\xc1\xae\x4e\x24\xb8\x55\xb7\x46\xe9\xf0\x08\xf6\xc0"
	"\x19\xd8\x93\x64\x70\xd3\xa5\x53\xdd\xcc\xc0\x08\xda\xd0\x03\xf0"
	"\xec\x77\xa2\x07\xa5\xd9\x7d\x68\xa1\x05\x96\xbb\xa1\xa2\x4a\xef"
	"\x85\x83\x99\xdc\xbd\xd8\x5e\x4d\x1c\x84\xc3\x7b\xc2\xf4\xb9\xbb"
	"\x80\x14\xac\xba\xd8\x50\x82\xf5\x06\xd7\x12\xfc\xfe\xaa\x64\xb4"
	"\x4a\x4e\x79\x7c\x6f\x86\x93\x48\xee\xee\xc1\x0a\x5e\x1b\x8a\xfb"
	"\x7b\xf0\x74\x2f\x14\xa4\xfa\x20\x94\xc0\xdd\xbb\x9a\x1a\x39\x6b"
	"\x5d\x96\x55\x57\x5b\x05\xbd\xbd\xd2\x3f\x5f\x3f\xfd\x7c\x7f\xf9"
	"\xe5\xcb\xab\x76\xe9\xf8\xa0\x1f\x36\xbf\x8f\x36\xda\x84\x95\x39"
	"\x07\x03\xab\x7c\x26\x94\xba\x48\xea\x47\xff\x48\x7b\xf4\x90\x18"
	"\x0e\x4e\x50\x93\x0d\x7b\x22\x48\xf1\xbd\x47\x1c\xd7\xb1\x61\x8a"
	"\x15\x69\xc3\x6a\x9b\x99\x35\x04\xce\x84\xd3\x9a\x42\x7d\xa6\x57"
	"\xd2\xe9\x96\xf1\xd7\xdf\xbf\x7d\xff\xf7\xe8\xea\xdc\x61\xd0\xe1"
	"\x34\x46\xbc\xdd\xd4\xf4\x96\x88\x9c\x94\x27\x27\xc3\x77\x33\x76"
	"\x34\x90\xa9\x27\x35\xeb\x59\xa6\xd1\x80\x98\x4f\xd5\xda\x3b\x9c"
	"\x74\xe0\xc1\xfa\xa8\xa1\x63\xde\xf7\x46\x3a\x9b\x5b\xa5\x99\x65"
	"\xe4\x0c\x31\xff\xe8\x44\x64\x18\x52\xe0\x1f\xb6\x31\x63\x59\xc1"
	"\xbd\xa7\xb4\x6a\xde\x57\x7a\xec\x52\xea\xc6\x6a\x59\xb6\xb6\xce"
	"\x3e\xd2\xe6\x8a\xd2\xf0\x02\x60\xc8\xbb\xb2\xa6\xd1\x44\xdf\xe1"
	"\xf0\xaa\x57\x1f\x9f\x85\x31\x9e\x93\xd7\xa7\xd6\x37\x3e\x47\x70"
	"\xcf\xe1\xab\xbb\x4b\x71\x83\x3a\xfb\x3f\x57\x8b\xfd\xc6\x7d\xfc"
	"\xf5\xad\xc8\x09\x2b\x4e\xf6\xe4\xb5\x29\x88\x3c\x37\xd7\x8a\xb9"
	"\xe6\x67\x41\x15\xd7\x0e\x46\xa4\xd6\x1c\x6b\xaa\x52\x82\xbf\x21"
	"\x57\x0e\xdb\xf7\x89\xfa\x89\x1a\xcb\x00\x4d\xd5\x80\x88\x7f\x8e"
	"\x3c\x49\x7d\xac\x2b\xe4\x36\xf3\x63\x72\x72\x29\x08\x3e\x0a\x3e"
	"\x31\x0b\x1e\xde\x12\x73\x73\x28\x5a\xcf\x9b\x7b\x30\x66\x41\xa1"
	"\x15\x50\x05\xf9\xa8\x66\xfb\xa9\x39\xc0\x89\x9a\x13\xad\xcb\x1d"
	"\x7b\xf4\xe4\x83\xf7\x02\xa4\x90\xe1\x56\x42\xbf\x74\x56\xdc\x8f"
	"\x5a\x1a\xe3\xe9\x6d\x5c\x4a\xd1\x8e\xc0\xe1\xad\x15\x35\x0d\x4d"
	"\x0b\xc2\xf8\x84\x51\xa3\x4d\x63\x2b\xd2\xb5\x67\x1a\x67\xd7\x98"
	"\xfb\x0f\x80\x0c\xfa\x57\xb7\xed\x2c\x6d\x40\x07\xab\x5d\xc4\xb9"
	"\x78\x4c\x25\xe0\x51\x50\xfc\x70\xd2\x32\x7e\x72\xbb\x94\xca\x58"
	"\x03\xdb\x4f\x5f\x65\x53\x7f\x6d\xe1\xaf\xd8\xa6\x62\x7a\x77\x72"
	"\x35\x73\x50\xdc\xd5\x65\x98\x96\x8f\xf0\xf6\x7e\xec\x6b\x04\x3e"
	"\xa3\xbd\x2b\xfd\x73\xf1\xe7\x32\xbf\x79\x24\x00\x9d\xa5\xda\x70"
	"\x8d\xa9\x5d\x6f\xbb\x32\x32\xda\x3f\x80\x87\x24\x25\x94\x1e\x39"
	"\x69\x1e\x7d\x0e\x39\xea\xde\x2e\xd5\x38\x56\xb8\x09\x3e\x44\x7b"
	"\x72\x50\xc7\xfb\x33\x38\x19\xcb\x9d\x36\x44\x83\xc7\xbd\xdb\x10"
	"\x0d\xcc\x59\x62\xbd\xdd\x83\xbe\x9f\xd8\x5e\xdc\xd2\x20\x77\xd5"
	"\xf4\x6e\x2b\x8d\x97\x32\x9a\x3a\xf6\xfa\x6a\xbe\xd7\xa7\xaa\x1f"
	"\x46\x1b\x9d\x65\x2c\x64\x0e\x34\x95\xa6\xfd\xe5\x72\x55\xcd\xfe"
	"\xa1\xc6\xc8\x07\x93\xfa\x66\x63\x8d\x1f\x24\xd2\x21\x4d\xd7\xa5"
	"\x7c\x7d\x87\xe7\x4e\x60\xfa\x31\x3b\x6c\xd4\xd8\x3d\xda\x2e\xaf"
	"\x4c\x8a\xea\x36\xe2\x5a\xd2\x20\x73\x5a\xcc\x7c\xdb\x9b\x05\x58"
	"\x52\xe9\x2c\xf7\x6d\x5b\x2a\x5c\x13\xb3\xcd\x9b\x51\x27\xc0\x2f"
	"\xed\x48\x61\x92\xd4\x7b\x15\x1a\x27\x5d\x0d\x1f\xc6\x35\xd0\x14"
	"\x25\x67\xc3\x85\x21\x43\x94\x26\x1a\x63\xb6\x75\x8a\x54\xc8\x38"
	"\x28\x16\x92\xa5\x62\xfa\xd5\xba\xb7\x68\x1f\x75\xf9\x23\xb5\xdc"
	"\x2c\xf4\x49\xae\x4f\xdc\xea\x90\xd5\xda\xa7\x17\x45\x16\xeb\x78"
	"\x2e\xb0\xda\xd8\xcb\xd9\x7e\x46\x55\xea\xa0\x76\xe9\xd4\x22\x92"
	"\x13\xb1\x0c\x6e\xc0\x12\xd0\xec\x51\x7c\x4b\xa8\x6f\x76\x78\x7a"
	"\x53\x15\x93\x12\x74\xb1\x3d\x86\xd8\xae\xdc\xa6\x20\x25\xa6\x24"
	"\xd5\xd8\x94\x58\x51\xea\xb2\x9e\xfe\xee\xb2\x63\x5a\x4f\xbe\x02"
	"\xc9\x70\xc2\xbb\x8d\x53\x7a\x40\x43\x1a\x37\x5d\xaf\x83\xda\x69"
	"\xfe\x6b\x48\x07\xe0\xf5\x28\x3f\xb5\x93\xb5\x53\x83\xc3\xb1\x89"
	"\x15\xf0\x35\x07\x56\x15\xae\x5b\xeb\x74\x61\xa5\x04\xa0\xaa\x7a"
	"\x64\xb3\x35\x5a\x9f\x25\xb3\x93\x4e\x19\xf6\xed\xbc\x3a\xa1\x8d"
	"\x54\xb4\x5b\xa5\xb1\x49\xd3\x91\xe3\xd8\xd7\x19\x6c\x07\xc2\xee"
	"\xef\x3e\x0d\x7c\x28\x21\x4a\x79\x66\xaa\x6d\x4f\x73\x9d\x68\x4e"
	"\x5e\x70\x01\x76\x6a\x92\xae\x7f\x03\xb1\xb1\x20\x7a\x8d\x5c\x1b"
	"\x67\x65\x76\x25\x9a\xa5\x08\x56\x42\x86\x67\xb1\xdd\xb8\x4c\x10"
	"\xfe\x02\x12\x4a\xa7\x79\x61\x27\x9a\xd6\x22\xad\x5d\xc9\x30\x24"
	"\x7d\xb2\xdd\x55\x0d\xb9\x60\xdb\xe1\xf5\x13\x6a\x7a\xc1\xad\xef"
	"\xe8\x7c\x84\xaf\xa8\x7f\x1e\xc6\x8a\xd1\x29\x29\x19\x5f\x36\x5e"
	"\x53\xd3\x93\x3b\xfd\xa2\x3e\x71\xa9\x2a\x57\x41\x47\x69\x2f\xa9"
	"\x1b\x41\xa8\x7f\xba\x77\xe2\x2b\xe4\x39\x29\x88\x1f\x72\x56\xa2"
	"\xaf\xf0\x43\xca\xb3\x9f\x0e\x6a\x09\x98\x3a\x7e\x54\x51\x87\x2a"
	"\x52\x56\x7e\xc4\x33\x25\x47\x3f\x42\x71\x27\xac\xac\x58\xa0\x3d"
	"\x59\x1a\xec\xb8\x34\x3b\xf8\x01\x49\xd2\x78\xc4\x00\x33\xc8\x33"
	"\xcd\x9d\x1e\x7d\xc4\xfb\x56\xef\x8b\x1d\xab\xd9\x00\x18\x26\x8a"
	"\x17\xd4\x4c\xba\x72\x42\x1e\x1a\xf1\xcf\xff\xf8\xe5\xed\xd3\x7f"
	"\xd8\x8d\xe3\xd9\x5a\x30\xe7\x72\xa8\xcf\x9b\xf1\x76\x7f\xde\xf4"
	"\xc7\x12\xc8\x96\xb9\x8b\xa2\xfd\xf0\x4f\x08\xc6\xad\x21\x1c\xbc"
	"\x5d\x46\x32\x7b\x95\x6e\x66\xbb\xdb\xc6\xb5\xbd\x6d\xee\xd8\xdf"
	"\x36\xf3\x0d\x0e\xbe\xce\x59\xbd\xb1\x4f\x27\x95\xc8\x0a\x82\x96"
	"\x82\x6e\x77\x1b\x24\x35\xb8\xe1\x6d\x02\x3b\xde\x66\xbe\xe5\x4d"
	"\x5a\x7f\xa3\xeb\x5e\xee\x1d\x45\x62\x76\x90\xba\x89\xd6\x11\xa5"
	"\x53\x84\x2d\xd4\x0e\x69\xdd\xa6\xc9\xb0\x42\xca\x8c\x89\x54\x89"
	"\xeb\x19\x95\xcf\x35\x9d\x94\x37\x3f\xef\x74\xf2\xc1\xe9\x28\xd4"
	"\x8c\xc5\x8c\x35\xb1\xea\x72\x4a\xe0\x26\x52\xcc\x4a\x9c\x9f\xd0"
	"\x93\x46\xd0\xc3\xa6\x2b\x2e\xa6\x3e\x01\x98\x12\x3e\x52\x37\x5f"
	"\x31\x31\xaf\xd2\x27\x6f\x49\x8a\x67\x9b\x61\x54\xc9\xf0\x9c\x08"
	"\x38\x7d\x10\x63\x6c\x7c\x2d\x6b\x30\xe2\x11\x82\xe5\x53\xee\x51"
	"\x67\xaa\x8f\xcf\xc6\xd4\x5f\x12\x5e\xbb\xef\x26\x15\x74\x6a\xe6"
	"\x74\x4d\x72\xde\xc9\x25\x0d\xcb\x0e\xf4\x06\x9a\x19\x2d\x6a\xaf"
	"\x13\x4a\x66\xf8\xd7\x1b\x78\x4d\xc0\x42\xa4\xdc\x3e\xe2\x92\x40"
	"\x7a\x52\x2f\xba\xb8\x48\x39\xe1\x4c\x09\xcf\xa6\x36\x1e\x80\xe2"
	"\xf9\x26\x3d\x63\x97\x8d\xf9\x3c\x9f\x03\xb5\x16\xde\x53\xcb\xce"
	"\xdc\xef\x78\x3e\x55\x09\x97\xcf\xc9\x12\x7c\x83\x96\xa5\x16\xcc"
	"\x47\xc5\xe7\xc6\x11\xf6\xec\x8d\x47\x4f\x50\x65\x66\xf4\xec\xad"
	"\x38\x94\x3a\xf8\xc0\x77\x7c\xab\x9b\xcc\xa7\x31\xe9\x36\xdb\xc6"
	"\xdf\xbd\xd1\xe1\x42\x5c\x04\xda\xa2\x45\xe3\xf1\xb3\x64\x8b\x38"
	"\x77\x20\x69\x91\x61\xd6\x4e\x5e\x9f\xe2\x40\x3d\xbd\xc3\x50\xbd"
	"\xe0\xb0\x5a\x4b\x63\x29\xaf\xce\xed\xb4\xb6\xab\x3c\x50\x0e\xe3"
	"\x0b\x96\x31\x41\xa4\x12\xc9\xa2\x58\xc2\xc2\xdc\xec\xbb\xea\x43"
	"\xe0\x01\x07\x41\x88\xf9\xb4\xcc\x2b\xe5\xb8\x8c\x97\x08\x89\x35"
	"\x29\x42\x71\x04\x99\xb0\xe8\x6a\xd6\x24\xac\x9a\x7a\x76\xb6\xe7"
	"\x44\xc9\xeb\xe0\x90\xd7\x68\xb5\x05\xb1\x0d\x10\x6d\x22\x0b\x16"
	"\x2d\xf3\x79\x2f\xdf\xf6\x07\xcf\xaa\x3b\x14\x27\x70\x6b\xed\x2e"
	"\xbf\x24\x76\x8f\x94\x5a\x61\x42\x2d\x97\xaa\x7d\x32\x32\x3f\x6e"
	"\x24\xd7\x68\xdf\xa8\xb3\x59\x02\x24\xc7\x14\x80\xe4\xdc\x01\x9d"
	"\x8e\x2d\xa4\x49\x17\x10\x9e\x83\x37\xd4\xf6\x26\xae\x48\xe6\x08"
	"\xf4\x6e\x18\xed\xf5\x98\xd4\x1b\x79\xab\x6f\x50\x7e\x3c\x7c\xfa"
	"\xf6\xfb\x2f\x6f\x5f\x5f\x3f\x3f\xfc\xfe\x0d\x2e\xac\x7f\xb8\x36"
	"\xf1\x56\x76\xb3\xe3\xe9\x46\x82\x51\xec\xc9\x56\xc9\xef\x2f\xdf"
	"\x7f\x7d\x7d\xb7\x0c\xd8\xad\x7c\x12\x34\x70\xd2\x84\xd1\xc1\x84"
	"\xda\x19\x5a\x3f\x9e\x11\x27\x1e\x68\xea\x15\x7e\x3b\x3f\x7d\xa8"
	"\x5b\x0b\x02\x28\xd7\x41\x3d\x07\x4a\x3f\x3d\x13\x29\x72\x6c\xdd"
	"\x30\xc7\xe2\xee\x2e\xc1\x34\xa0\x2e\x2c\xa8\x8a\xb5\x23\x69\x7f"
	"\x0d\x75\x54\xa0\x11\xd4\xfb\xfd\x49\xc0\x0f\x1f\xb2\x3a\xf8\xbf"
	"\xeb\xe9\x5b\x7b\x2d\x3b\xf2\x96\xe0\x45\xbc\x0e\x60\xf2\x60\x15"
	"\xca\x1c\x65\x05\x46\xa0\x6a\x38\xd0\xbd\x3d\x03\xca\x3d\xb7\xb3"
	"\x08\x27\xfa\xb6\xb4\x3d\x28\x49\x03\x75\x83\x37\x19\x6d\x60\xc2"
	"\x4f\x5c\xb8\xbb\x20\x77\xcd\x74\x25\xef\x71\x21\x42\xdd\xa0\x50"
	"\x4a\xc6\x00\x33\xdb\xb9\xb3\xbe\x61\xb3\xf8\xfd\xe5\xfd\xd3\x6f"
	"\xaf\xf8\x66\xc1\x21\xf6\x96\xbe\x13\x03\xd9\x21\xd4\xa3\x06\x3d"
	"\x09\xa0\xe0\x40\xcc\xa3\x5d\x78\xd1\xc5\x49\x48\xe7\x3d\x81\x0b"
	"\xac\x78\x3b\x73\x5f\xea\x2d\x52\xed\x29\xc9\xb3\x44\xde\xf4\x20"
	"\x19\xb0\x57\x3e\x18\xdc\x7e\xf6\x8b\xa0\x3c\x83\x7d\x03\xf9\x67"
	"\x7d\x8f\xab\x4f\xf7\x36\x06\x8e\xdb\xbb\xb1\xf4\x8c\x85\x26\x71"
	"\xa1\x45\x5a\x7b\x5b\x43\xd3\xd2\x4f\x17\xfe\xfc\x60\x4c\x1b\xee"
	"\x58\xe3\xd8\xc1\x0f\x29\x02\xfd\x69\xf4\x10\xf7\x35\x9b\xd5\x0d"
	"\x29\x0f\x34\x50\x62\x11\xcb\x3b\xcb\x2b\x68\x79\x90\x47\x6f\xfd"
	"\xc3\x9d\xa0\x64\xe4\x00\x3d\x30\xf3\x8c\xa0\x6f\x14\x21\xbe\x76"
	"\x95\xf9\x54\xdc\xf3\xa1\x11\x79\xcd\x01\xb4\xad\xc1\x1c\x08\x73"
	"\x95\xe4\x87\x3c\x4a\x5b\xe9\xe1\xc0\x3c\x9d\xaa\x71\xdc\x16\x0c"
	"\x11\xdf\x01\xc1\xc5\xd5\x2b\xd0\x71\x38\x79\xe1\x94\x14\xfc\x7e"
	"\x70\x4a\xcb\xbb\x8b\x06\xe6\xf9\xbe\xa1\x30\x17\x62\xde\xf6\x6b"
	"\x9f\x0e\x41\x84\x56\x20\x06\x50\xcd\xc4\x7a\xc0\x01\x32\xe7\xdf"
	"\x7d\x75\xb7\x5f\xc2\x38\x00\xa7\x65\x3c\xb9\xf8\x12\x54\x62\xf7"
	"\x4c\xe7\xf9\x7b\x52\x56\xff\xd7\x1d\x9a\x99\x1c\x94\xb8\x0d\xd1"
	"\x5a\xac\x95\x25\x5e\x98\xce\x9d\xa7\x1b\x86\x62\x9e\x9e\x81\xe5"
	"\xa9\x49\x9c\xea\x2f\x26\x77\x71\x36\x71\x56\x50\x43\xc1\x85\xf9"
	"\x3c\x5d\x0b\x46\xae\x44\x4e\x84\x62\xd2\x1a\x02\x8f\xdb\x5d\x74"
	"\xb7\x48\xaf\x29\xb5\x43\xa6\xb2\x65\x6e\xd5\xb9\x2a\x9d\xd5\x73"
	"\xad\x22\xa4\xf7\x7c\xc8\xd1\x9d\x6e\x9d\x2a\x63\x42\x53\x4f\xf5"
	"\x70\x63\xaa\x1c\xc7\xe0\x31\x04\x37\xfc\xca\x29\x7e\x98\x88\x80"
	"\x16\x59\x3c\x97\x7a\xc8\xdc\xd7\xb1\x53\xb9\xd8\xca\x7a\xeb\x59"
	"\x04\x30\xe5\xb2\x27\xf5\x9a\x72\xb0\x43\x2b\xcb\x83\x1d\x62\xd2"
	"\xca\xd6\xf3\x55\x0c\xbd\xdf\xbd\x41\x55\x07\x87\x41\xaa\x3b\xd1"
	"\xa6\x37\xe4\x32\xad\x9d\xe2\x74\x4f\xf0\x48\x64\x9a\xae\x26\xb1"
	"\x7b\x0e\x10\x6c\x34\x15\xe1\xd6\xd6\x7e\x4d\xfe\xcf\xe6\xbe\x55"
	"\x79\x5b\x7d\x1b\x64\xf5\x6d\x5c\xab\x6f\x83\xac\xa4\xcd\x4c\xd9"
	"\xd8\x27\x8e\x97\x6a\xbf\xc0\x36\xce\xde\xda\x4c\x96\xc1\xa8\xaf"
	"\x37\xe3\x95\x80\x8c\xc7\x08\x43\x4f\x0c\xf1\x3c\x60\xc1\x60\x57"
	"\x0a\xa3\x40\x92\x08\xa3\x8e\x45\x18\x03\x2d\x37\x26\x9d\x61\x2c"
	"\x3f\xe2\x7d\x34\x5b\xe1\xee\x22\x1a\x19\xfe\x8c\x68\xbc\xdd\xe9"
	"\xd4\x0d\xd8\x90\xf9\xc4\xdc\x04\x36\x8e\xcd\xbd\x3b\xc7\xc6\x5a"
	"\xca\x76\xb2\x59\x56\xd3\x52\x87\x95\xe5\x6b\x53\x49\x10\xe5\xdd"
	"\xed\x98\x1a\xcd\xe5\xe1\x7e\x22\xef\x68\x32\x5d\x9c\x3d\x4d\x11"
	"\x40\x21\x7a\x9a\xbc\xb9\xba\x11\x65\x37\xbf\xdb\x70\xe3\x26\x75"
	"\x73\x81\x76\x8b\xb8\x5b\x86\x40\x84\x57\x88\x4d\xde\x18\x84\xd8"
	"\xaf\x8c\x20\xec\x0e\xc4\x26\x04\xd1\x0c\x7b\x08\x34\x55\x29\xb9"
	"\x30\x3d\x4b\x1b\x82\x09\x19\xac\xf5\xb9\x20\xe5\x1d\xdd\xd3\xd0"
	"\xba\x78\x0e\xe1\xb2\x3b\x06\x0d\x5a\xd7\x05\x51\xc3\x69\x16\x6c"
	"\xe0\x1d\x5f\x54\x1b\x70\x08\xa2\x75\x53\x6e\x50\xed\x99\xb0\xea"
	"\xe4\x99\x8a\xd1\x23\x06\xd2\xa8\xa5\x47\x4e\x8b\xa5\x82\x27\x87"
	"\xae\x4a\x3e\xa4\xa5\x74\xba\x3a\x96\x37\xa3\x77\x63\xaf\xa4\x6f"
	"\x39\xe1\x5a\x7f\x5e\x92\x03\x87\x3e\x8a\x45\x73\x4c\xe3\x43\x8f"
	"\xf1\xa1\x1a\xf8\xbe\x3c\xb6\xc2\x31\x1f\x9f\xd8\xef\x34\x48\xe4"
	"\x50\x89\x85\xa8\x27\xd2\xa5\x77\x06\x71\x7a\xf4\x90\x48\xfd\xea"
	"\xce\xcb\x49\x02\x9b\x22\xe8\x58\xac\x16\xe3\x02\xa6\x97\x9e\xfd"
	"\x14\x61\x07\xae\xc6\x13\x5e\x6e\xcd\xfd\x22\x68\x3b\x23\x41\xa6"
	"\xc6\x62\x2a\xc9\xd9\x0c\x58\x6e\xb0\x71\x45\xae\x07\x59\x45\x61"
	"\x19\x9e\xa8\x9f\x31\xf6\x62\xb2\x70\x6f\x11\x6d\xec\x8e\xca\x53"
	"\x90\x1a\x89\x54\x71\x54\x33\xc0\xbd\x84\x36\x45\x75\xa9\x91\xcd"
	"\x81\x51\x4a\xa1\x15\xeb\x15\x62\xda\x37\x3c\x8a\xd3\x9c\xd8\xd3"
	"\xcf\xd7\x9f\xaf\x6f\x5f\x7f\xfd\x47\xff\x34\xcf\x7a\x41\xdf\xa3"
	"\xbb\xa3\x4c\xa6\x9d\xa8\x93\x73\x91\xe2\xdf\xd0\x6f\xb4\xec\xab"
	"\x7b\x31\x68\x2d\x9e\x5c\xc5\x35\xc8\x73\xe3\x81\x2e\xf2\x24\x40"
	"\x7f\xf2\xd2\x25\x7d\x2a\xfc\x80\x24\xf7\xd2\xd3\x44\x78\xe9\x4a"
	"\x76\xf5\xd2\x0f\x0d\x76\x25\xa0\xc9\xea\xff\x94\xbb\x3a\x26\x6b"
	"\x1a\x6f\xb9\xfc\x09\xba\xda\xdf\x37\x8f\x49\x10\x93\x1e\xab\x47"
	"\xea\x45\x3c\x05\x7a\x38\x85\x77\x37\x5e\x44\xfe\x74\x07\x28\x25"
	"\x81\x7a\x04\xaa\x71\x3c\xfa\xc7\xa1\x66\xd4\x33\x0c\x37\xd3\x8c"
	"\x79\xc6\x02\x89\x38\x73\x1d\xa9\xb9\xcb\x36\xa3\xba\xff\xf2\xf2"
	"\xe3\xc7\xdb\xbf\xde\x3e\xcd\x0d\x42\x94\x98\x37\xb1\x7c\x55\x09"
	"\xe0\x6a\xc2\xb6\x74\x1b\x08\x9a\x83\xc3\x56\x36\x00\xf2\xcb\xbc"
	"\xb4\x89\x0a\xa5\x4f\x42\xe3\x2c\xf7\xe4\xb9\xe9\x8d\x2e\x5f\x6d"
	"\x3d\xae\x8a\xa5\x1e\x35\xb4\x69\xd2\xec\xda\xe1\x5a\x1e\xc5\xe7"
	"\x37\x40\xb4\x10\xe0\xf6\x64\xa1\xad\x72\x35\x7d\x62\xcc\x7f\xd5"
	"\x69\xa5\x8f\xf0\x4c\x65\x4e\x4a\xa7\xc6\xe8\x7d\xba\xbe\x77\x70"
	"\x52\x4c\x2f\xce\xd3\x39\x9d\xa8\x27\x07\x42\x1f\x77\xcf\x6a\x0f"
	"\x1d\x84\x2c\xe9\xe9\x2a\x32\xb9\xed\x82\x04\xa3\x4d\xa5\xf3\xf4"
	"\x03\xb1\x45\x97\x03\x31\xa6\x18\x09\xf2\x01\x20\x73\x06\xcf\x68"
	"\xa6\x75\x03\x8a\x20\xbc\x2e\xf0\xd5\x47\xb4\x18\x2d\xbd\x74\x8c"
	"\xef\xbb\x36\x84\x7a\x6e\xb6\x4d\x25\x18\xa6\xd9\x37\xe4\xc7\x04"
	"\x8a\x70\x55\x3f\x9d\xdc\x81\xcf\x00\x28\x4f\x3d\x00\xd4\x34\xf5"
	"\xd2\x87\x4b\x21\x7f\x03\x1e\x13\x5e\x65\xfe\x5e\xcc\xfd\xbd\x6c"
	"\x0c\xed\xe0\x3d\x84\x77\x6d\xb0\xd2\x77\xa4\xe4\x2c\xb7\xfc\xa6"
	"\x67\xa9\x6b\x56\x64\x25\x3c\xe5\x11\x55\x71\xb6\xe5\xf4\x44\x31"
	"\x76\x44\x3b\xa9\x70\xbb\x98\xa8\x69\x79\x36\x51\x87\xdc\xfc\x94"
	"\xe3\x9d\xc6\xb8\xfe\xda\x50\x05\x7d\xf4\xa2\xa6\x21\x7e\xda\x96"
	"\xc2\xfd\xc9\xa3\xf0\x9c\x94\xba\xa6\x13\xfb\x31\x0b\x51\x2c\x41"
	"\xd1\x07\xca\x67\xb7\x95\xd9\x53\x23\x47\x2a\x04\xf8\xd5\x09\x6e"
	"\xad\x22\x9d\xa6\x46\x0e\xc9\xdc\xf1\x23\x9b\xc1\x4f\xc2\xcd\xd6"
	"\x68\x22\x0c\x20\xde\x0b\x29\x12\xa8\xea\xb1\xac\x5a\x45\x75\x71"
	"\xe5\x4d\x3d\x7e\x4b\x9f\x0b\xed\x8f\x6f\xa4\x66\x6d\x6b\xdb\xa7"
	"\xb4\xf1\xa4\xa0\xed\x2e\x31\xfe\x61\x84\x31\x76\x25\xd8\x8c\x6c"
	"\x5a\x78\x4c\xfd\xdc\xd9\x21\xbd\x93\xa7\x62\x16\xd1\x7a\x1a\x80"
	"\x5a\xc8\x86\x12\xee\xf0\x0a\x33\x7e\xe7\x01\xaf\xe9\x26\xd7\x6e"
	"\x7a\x06\x9e\xbb\xb2\xe0\xbd\x19\xd8\xf8\x6d\xd7\xc3\xfb\xeb\x8f"
	"\x77\xc3\xef\x5a\xdd\xaa\x04\xf8\x03\xc5\x37\x89\xac\xa9\xea\x8e"
	"\x57\x25\x9b\x44\x9f\x18\x45\xaa\xe0\x0d\xc9\xb0\xce\x72\x46\xd2"
	"\x49\xc6\x5e\x35\x40\x4f\x43\x33\x7b\x25\xaa\xce\xcb\xe1\xea\xdc"
	"\x2d\x08\xab\x1c\x25\xad\x31\xda\x91\x65\x4e\x27\xff\x8a\x22\xac"
	"\xcf\xda\xba\x68\x9d\x80\x88\x82\x20\xde\xd3\x22\x97\x93\x8b\x32"
	"\x13\xe7\xe0\xcb\xcf\xd7\xf7\x6f\xdf\xde\x7f\x7b\xf8\xfc\xfa\x3f"
	"\x6f\x9f\x5e\x5d\xae\x93\xe1\xdb\x29\x4b\x24\x36\xf7\x07\xba\xc0"
	"\xba\xd1\x00\x4e\x04\xd1\x1e\xf6\xf9\x53\x1e\x2f\x96\xad\x0f\x51"
	"\x93\x68\xe1\x05\xe4\xfe\x2a\x9e\x8f\x29\xc3\xc8\xbc\x39\x3b\x9d"
	"\x6f\x09\x0e\x54\xed\x0c\x7b\xdc\xfd\x39\xf8\xf6\x1f\x3f\xa6\xbc"
	"\x26\x75\x97\xb4\x5c\xee\xf7\x8b\xc9\xe8\x68\xd2\x53\x4a\x36\xcb"
	"\x3d\x12\x0c\x33\x57\x4b\xae\xc1\x84\xf6\xbc\x7b\x74\xee\x10\xf0"
	"\xfc\xad\x39\x59\x2a\xc4\x0b\x6b\x68\x61\x99\x2b\x0f\x29\x9d\x15"
	"\x5a\x58\xbb\x79\xb0\x23\xbb\xeb\x24\x30\x8a\x9d\x24\x89\xfa\x79"
	"\x06\x62\xe7\xb1\x17\x97\x03\x08\xb1\x23\x27\x28\x65\xa1\x13\x3a"
	"\x98\x74\x60\xa5\x6f\x6d\x53\x3d\x1a\x36\x6e\x5a\xa8\x83\xa9\xe9"
	"\x2e\xa4\x29\x15\x2b\xef\x9e\xbf\x57\x7c\x4a\xc1\x03\x6a\x1f\x3e"
	"\xbc\xab\x4a\x67\xc0\xca\x2b\x1a\xdc\x72\xa9\x86\x83\xdb\x30\x70"
	"\xe7\xd9\xd0\x43\x96\xcc\xab\xac\xdd\x9a\x0c\x5e\xf7\x00\x02\x87"
	"\xb8\x70\xe0\x06\xad\x4f\xed\x22\xea\x57\x9a\x25\x29\xd0\xaf\xa4"
	"\x4d\x46\x46\x91\xb5\xe7\x6d\x83\x5e\xc5\x3c\x36\x69\x84\x6b\x72"
	"\xf6\x24\xe0\x9c\xb5\x31\x87\x8e\xdc\xa3\x1d\x0b\x8c\x62\x43\x5c"
	"\x98\x4a\x75\x1d\x2e\x39\x3c\x63\x1e\x9f\x2f\xf0\xdb\x8a\xaf\xd0"
	"\x27\xc1\xce\x62\xe9\x9c\x4c\x32\x2b\x6b\xc4\xfe\xb9\x07\x80\x8f"
	"\x12\x74\x67\xde\xd7\xc8\x96\xcb\xdc\x2c\x5d\x4a\x6b\x30\xd4\x40"
	"\xb4\x0a\xb9\x4b\xb7\xa1\xd8\x63\x71\x2a\x35\x75\x1a\x19\x7b\x92"
	"\x61\x5c\x50\x57\x9f\xb3\xac\x03\x7f\x64\xbd\xc7\x07\x27\x90\xaa"
	"\x69\x53\x2f\xbb\x02\x39\xd4\xb9\x92\x8a\xf5\x2b\x11\x35\xbf\xe0"
	"\x0d\x3e\x04\xb2\x04\x87\xfb\x30\xe7\x59\x8a\x17\x69\xde\xea\x3f"
	"\xeb\x97\xe8\x28\x48\x5f\x49\xe0\x65\xc0\x8c\x96\x1f\xc1\x69\xaf"
	"\xab\x4f\x4c\xe3\x41\x99\x7b\x98\x84\x4e\xe9\x29\xd9\xa9\x2e\x98"
	"\x8e\x6c\xa4\xfd\x9e\x5c\x9e\xd0\x46\xe2\x39\x9e\x52\xcf\xa7\x87"
	"\x48\x25\x20\x8b\x1d\xab\xec\xe6\x9e\x51\x77\x7e\xb9\x5e\x6d\xc7"
	"\xf7\x7e\x69\x97\x53\x22\x4f\xb0\x90\xcb\x68\xb1\x38\xd9\xd7\x7f"
	"\x7d\x06\x70\x3e\xdc\x25\x89\xfa\x3b\xc6\x87\x75\x13\xe1\x34\x5d"
	"\x88\xee\x5b\xb3\x46\x03\xc8\x22\xd3\xce\x77\x64\x83\x38\x7a\xb0"
	"\x7b\x19\x4c\xfe\x14\xeb\x56\x73\x54\x85\x0e\xd8\x27\xc9\x3a\x16"
	"\xa7\xde\xf2\x06\xdf\xc1\x55\x2a\xf1\x0f\xab\xdd\xc0\xcd\xeb\x00"
	"\x61\x70\x61\x50\x50\xf2\x88\x83\x1e\xe3\xf5\xc2\xad\x77\xad\x03"
	"\x32\x27\x26\x29\xb9\x1e\x23\x0d\x12\x8d\x90\xdd\xe0\xa0\x63\x10"
	"\x8b\x1b\xd5\xbf\xb4\x98\x2a\x5b\x84\x9e\x35\xe2\x30\x53\x12\xd3"
	"\x33\xc8\x27\xce\x2d\xf2\x59\xaf\x87\x1e\x61\xb9\x00\x21\xac\x00"
	"\xc7\x53\x98\x3f\x60\x7a\x63\x6f\xfb\xd0\xb5\x9a\x41\x72\x86\x4a"
	"\x20\x3c\x21\x57\x77\xa7\xe0\x12\xfd\xed\x53\x0f\x9c\x7b\x44\x38"
	"\x19\xcf\x1b\x53\xb3\x3a\x2b\xb9\x83\x97\xe8\x56\x98\x29\xd5\x00"
	"\xc9\x6b\x67\xe8\x02\x35\x62\x65\x46\x0a\xcb\x8f\x73\xdd\x98\xe2"
	"\xae\x91\x11\x74\x50\xa7\xa1\x8a\xd7\xb8\x0f\x5f\xbe\xbd\x7c\xd6"
	"\x21\x05\x6e\x41\x12\xe0\x3d\xe1\xb8\x5e\xe0\x18\x87\x5c\xcb\x81"
	"\x3a\x4d\xb1\xdd\x28\xfe\xd3\x28\x86\x92\x8b\x3c\x76\xbb\x68\x45"
	"\x66\x80\xe1\x77\x39\xc0\x28\x40\x4e\x00\xf7\x95\x23\x37\x43\xa3"
	"\x3e\x81\xa8\x8a\x26\xb8\x0e\xf2\x12\x54\x03\xe8\xb9\x41\x8c\x53"
	"\x0d\x00\x98\x94\xbe\x98\xce\x84\xa5\x74\x5f\xa9\x00\x8c\x40\x50"
	"\xa9\x01\xac\x3d\xc7\x7b\xdc\xa7\x68\x77\xd1\x27\x59\x69\xdc\xdc"
	"\xe7\x3b\x90\xcf\xa7\x42\xfd\x20\x09\x2b\x98\xb4\x9e\xd5\xf7\xde"
	"\xac\xc6\x2e\x75\x0f\x96\xd5\x4a\xef\xb7\x4c\x6d\x19\xb3\x34\x31"
	"\xf6\xd7\x7e\x4d\xe3\xf3\x44\xce\xc7\x5a\xff\xa1\xc4\xe6\x69\x96"
	"\x76\x49\x33\x3b\x1d\x1c\xde\xeb\x90\x8d\x59\xef\x79\xc4\x1a\x18"
	"\x45\xcc\x75\xdc\x6b\x6d\xa4\xed\x5a\xf3\xe0\x2f\x9f\x93\xdb\xda"
	"\xfa\xd7\xcb\xcf\x2f\xef\x3a\x76\xf2\xdb\xaf\x3f\xbf\xfd\xfc\xf1"
	"\xf0\xbb\xf1\x2d\xa2\x66\xe9\xcb\xc3\x8f\xb7\xff\xfb\xfa\x5f\xe3"
	"\x30\x6c\x44\x73\x39\x1d\xd7\x66\xc7\xa3\xd7\xf9\x57\x8a\x12\x78"
	"\x06\xea\xc4\x95\xcf\x95\x0c\xae\x64\xd4\x12\xc1\x82\xb1\xd9\x45"
	"\xb1\xf2\x0e\x90\x93\xcd\xd2\x2e\x82\xae\xd1\x27\x77\xd3\x39\x60"
	"\x1c\x7c\x57\x4a\xca\xae\x0e\xcf\xd7\xe8\x73\xaa\xfd\x46\x1e\xb3"
	"\x05\xb1\x26\xe5\x42\x26\xdd\x81\x89\x44\x65\x4c\xb0\x30\x26\x34"
	"\x61\x96\x0a\x19\x34\x74\xe0\xd2\x80\x77\x93\x18\xef\x37\xed\x4f"
	"\x1f\xe2\xbe\x9b\xfb\x7c\x1b\x36\xd2\x23\xeb\xa7\xe3\x8d\xc7\x39"
	"\x3a\xe2\xba\x1b\x1f\x60\xc7\x71\x10\x75\xab\x0d\x90\x69\x1a\x95"
	"\xfb\x9a\xa7\x97\x41\x1d\xc1\xd4\x21\xdb\xfc\x41\xa1\x45\x3e\x21"
	"\xc2\x1d\xd0\x84\x62\x4e\x0a\x78\xfa\xe4\x1e\xc5\x4a\x9d\x4c\x29"
	"\xa6\x21\x38\x94\x88\x43\x61\x2e\x5d\xba\x93\x4c\x8e\xd6\x63\x65"
	"\x69\xd1\xab\x1c\x7c\xc7\x48\xe9\x7e\x4e\xa1\xa8\xe0\xf9\x4c\x5a"
	"\x51\x0b\x54\xa2\xf1\xc1\xe4\x24\x3d\x56\xc9\x07\x2b\xa1\x77\x9e"
	"\x68\xa5\x59\xcb\x56\xfd\xb6\xbc\xae\xa8\xdf\x3c\x1b\xef\x01\x15"
	"\x18\x60\x41\x64\x26\x08\x16\x3c\xf6\x46\xa6\x08\x20\xc3\x4e\xe6"
	"\x80\x4a\xed\xe3\x03\xba\x5b\x94\xa8\x5a\xd3\xe6\x39\x23\x92\x4c"
	"\xe2\xa3\x4e\xb9\x2c\xdb\x5d\xb1\xcb\x99\x72\x79\x52\x32\x45\x82"
	"\x5c\xd8\x0e\x20\x08\xec\x2e\x84\xaa\xbb\x64\xf5\x32\x6e\x5d\x2b"
	"\xf2\x63\x43\x46\xed\x82\x5f\x2a\x67\x36\xf6\xf4\xac\xd3\xb4\xcb"
	"\xe3\xc4\x7a\xf2\xaa\xd3\x8b\xe6\x74\x1f\xad\xd7\x6f\xad\xa3\x78"
	"\x31\xaf\x67\x46\xd2\xfd\x66\xe1\x6d\xca\xc9\x1d\x31\x73\x20\x17"
	"\xc6\x05\xab\x23\x55\xbb\x5e\x33\xef\x6a\xd5\xd6\x38\x2b\xd7\xb8"
	"\xb0\x2c\x26\xfe\x53\xe7\x35\x6c\x12\xbf\x47\xe9\x32\x40\x17\x8f"
	"\x99\xa7\xfa\xd6\x20\x8c\x12\x6f\x15\x77\xd0\xb4\x6c\xbb\x8b\xf6"
	"\x23\x57\x66\x69\xd6\xa8\x2d\xaf\x7e\x94\x69\x76\xce\xb0\x5b\x7e"
	"\x3d\x49\xc1\x5e\xc1\x5b\xe1\x50\x83\x1b\x61\xcf\x27\xa3\x9f\x3c"
	"\x73\xfa\x20\xe6\x3b\xd6\xb5\x97\x80\xee\xe4\x96\x15\xa1\xc3\xc4"
	"\x50\xa0\x19\x7b\xb6\xf9\x46\xf9\xf6\xe3\x93\xeb\x74\x20\xd9\x3a"
	"\x5e\xb7\x5d\x56\x57\x6e\xe9\x45\x87\x36\x83\xdd\x00\xb1\x5f\x20"
	"\xa5\xac\x38\xea\x3d\x59\x89\x1c\x2b\xc4\xd0\x24\xe7\x9a\x3b\x73"
	"\xdb\x37\xa4\x62\xbf\x8c\xc5\x6a\xe1\x96\xbd\x14\x8f\x50\x54\x42"
	"\x0b\x77\x6a\xcb\x51\x82\xb1\x7b\xa7\x3d\x2a\xa6\xa4\x70\xab\x12"
	"\x4c\x88\xb4\x8a\x95\x20\x2e\xb8\x87\xbf\xce\xc4\x7e\xb7\x88\x09"
	"\x72\x45\xc1\x44\x11\xef\x17\x8b\xa5\x87\x18\x2f\x10\x61\xab\x14"
	"\x55\x23\x3a\xa9\x40\xeb\xb5\x1f\x93\x1c\xa3\xed\xd6\x0f\xd1\x15"
	"\xdd\x23\x1a\xce\x23\x4f\x37\xcb\xb5\x5b\xba\xcd\x44\xb4\xd9\xb9"
	"\x49\xe0\x3e\xd5\xdc\xa5\x74\xb9\x20\xfb\xd5\x6e\x81\x98\xb5\x48"
	"\xa9\x7a\xbf\xa3\x69\xbd\xec\x3c\x7e\x5f\x85\x5a\x84\x2e\x79\x29"
	"\x4b\xeb\xee\x49\x50\xaa\x06\x63\x74\xe7\x72\x4d\xb8\xcd\xb2\x94"
	"\x41\x84\x7a\x1d\x10\xa8\x43\xce\xc1\x13\xcb\x4c\xfc\x70\x70\xe8"
	"\x65\xf9\x5d\x1b\x13\xe6\x9c\xc7\xd4\x77\xa4\x7e\x44\xa1\x5f\x2c"
	"\xb8\x27\x0e\x38\xdc\x9a\xfa\x34\xbd\x51\x95\x30\xde\xc2\x8d\x51"
	"\x23\xcf\x97\xc6\x8f\xd3\xbe\x06\x95\x64\x53\x0e\x2a\x81\x02\x11"
	"\x47\x1e\x19\xb0\x19\x6a\x49\x40\xd1\x25\xb8\xd3\x43\x22\x7b\xc7"
	"\xd3\xc3\xd1\xf8\x8c\xa5\x4a\x8e\xe0\x2e\xee\xc8\x50\xd4\x46\x87"
	"\x44\x69\xb8\xd1\xd7\x3e\xba\xf1\xff\xeb\x43\xa8\xa6\x6e\x76\x5b"
	"\x6f\x21\xfb\x65\xda\x6e\xfc\x80\xb6\x5d\x79\x11\x2c\x93\xdd\x6e"
	"\x7f\xac\xa9\x70\xaf\x85\x34\xd9\x46\x8b\xd9\x9e\xd3\x87\xcc\xfb"
	"\xf3\xe5\xc7\x03\xfb\xfa\xe3\xfd\xfb\x4f\x70\x48\xf8\xe3\xe1\xc7"
	"\x6f\x4a\x84\xf8\xfc\xf0\xfe\xfd\xe5\xeb\x0f\xe8\xb7\x87\x2f\x6f"
	"\x5f\x5f\x1f\x3e\xab\x4d\xf4\xed\x0f\xf8\xe7\xb8\x1f\xd5\x60\x22"
	"\x8f\x89\x86\x35\x5a\x30\xb1\x04\xf1\x2a\x0c\xc2\x54\x39\x04\xac"
	"\x20\x09\xcc\xce\xba\x98\x3f\x7f\xf9\xfa\xfe\xfa\xe5\x81\xab\x79"
	"\xf1\x7f\x1e\xbe\xbf\x7e\x79\x79\x57\x35\xbf\x8d\xf7\x04\x02\x52"
	"\x42\x36\xc4\x04\x34\x3e\x19\x53\x96\x3b\x92\xcf\xea\xa4\x9f\xa7"
	"\xde\x0a\x3a\x7e\xfb\xf1\x8e\x12\xd3\x97\xef\x9f\x5d\x9f\x41\xf1"
	"\xdf\xfe\xf8\xfe\x4d\x1d\x4d\x3f\xbe\x7d\x7f\x10\xef\xaa\x05\x63"
	"\xf7\x90\x7f\x49\x2b\xc1\xff\x3a\xd2\xa1\x5c\xeb\x97\xcd\x82\x1b"
	"\x2a\x09\xe9\xf2\x84\x68\x39\xd3\x63\x85\x44\x20\x10\x69\xd7\x48"
	"\xd1\xc2\x4e\x13\x40\x4c\xee\x8a\x06\x65\x44\xdd\xa8\x3f\xe9\xd5"
	"\xcb\x25\xdc\xda\xce\xc4\x92\xab\xf5\xa6\x60\xe0\x83\xc8\xd2\x8d"
	"\x13\xb5\x4b\x01\xab\xee\xd4\xd4\xa8\x0c\x23\x09\x1f\xb2\x67\x9c"
	"\x4c\x52\xf8\x35\xa4\xeb\x84\x00\x17\x33\x5d\x2e\xac\xaa\xf5\x75"
	"\x7a\x78\xff\xf7\x1f\xaf\x0f\x7f\x51\xb3\xfa\xbf\xff\xf6\xf0\xfe"
	"\xf2\xc7\xeb\xdf\x1e\xd2\xec\xef\x6a\x2d\xfd\x75\xe4\x51\x7a\x60"
	"\xcb\xac\xfa\xa6\xc7\xc6\xa4\x22\x71\x51\x7b\x72\x25\x84\xf4\x33"
	"\x7b\xce\xf0\xc5\x43\xe1\x23\x63\xcf\x6b\xda\xd8\x0a\x48\xb7\x0f"
	"\x42\xc2\x4a\x52\x8e\x43\x3f\xe9\x74\x50\xa2\x5a\xf6\xa2\x3a\x55"
	"\xa4\x60\xed\x00\xda\x18\xab\x43\xe4\xb0\xce\x2d\xde\xc8\xe4\xa8"
	"\xd9\x7c\x64\x6c\x48\x9e\x86\x10\x4c\xff\x1d\x00\x09\x22\xee\x81"
	"\x14\x2c\x11\xc4\x87\x69\x6a\xef\x54\x02\x97\xb4\x05\xdc\xa1\x59"
	"\xcf\x16\x34\x05\x73\xa0\x66\xa8\xe0\x88\x72\x1e\x09\xd5\xfe\x78"
	"\xda\x1e\x92\xa5\xc1\xfb\x41\xab\x10\x28\x29\xdb\xd8\x83\x49\x68"
	"\xec\x21\xf6\xd3\x6b\x79\xe9\x5a\xf5\x9f\x5e\x5e\xf8\x97\x8e\x35"
	"\x62\x2d\xac\xa9\xaa\x8c\x7d\xdb\xb6\x5e\x80\x77\x3c\x48\x4a\x1a"
	"\xcf\xd7\x09\x49\xfd\xd5\x23\x2c\xdd\x7a\x2b\x00\x80\x7d\x00\xb0"
	"\x5f\xf9\x00\xfc\xec\x6d\x01\x3f\x9f\xb8\x67\xa4\xb2\x5a\xaa\x73"
	"\xab\xf2\x7c\x1f\xdc\x6d\xa9\x89\xe3\x41\x80\x8e\xaa\xc1\xe9\x54"
	"\xd5\x2f\x6e\x10\xbe\xed\x40\xf4\xf6\x59\xd2\x0b\x66\xd3\x71\xc5"
	"\x78\x78\x95\x2b\xc6\xdf\x15\xb5\x5c\x86\x00\xb1\x7f\x79\x72\xd2"
	"\xc8\xfa\x89\x61\xab\xf3\x94\x8b\x63\x9a\xd9\xe6\xfe\xd7\xe4\xe9"
	"\x01\xe5\x42\xf4\x77\x86\xae\x12\xba\xec\x92\xaa\x45\x7e\xc5\x78"
	"\x8a\xd2\x22\xd2\xe8\x9e\x01\x32\x83\x48\x6c\x79\x11\x19\xa7\x2a"
	"\x2e\xef\x00\xda\xe9\x6a\xfc\x80\x72\x5c\xb1\x94\x67\xc8\xa6\x0c"
	"\xc5\x4c\xa3\x0d\x4f\x08\xc0\x32\xdb\xdf\x3d\x95\x5d\xbc\xc8\xd8"
	"\x81\xd9\xec\xfe\x35\x9f\xd6\xbb\x83\x11\x81\x6f\xe1\x4b\x86\xa8"
	"\x33\xcc\x50\x95\x08\xab\xdd\x9f\xc1\xed\x32\xda\x47\x9e\x95\xcb"
	"\x6a\xdf\x91\x50\x42\x24\x1e\x2f\x9d\x44\x8b\x85\xa7\x76\x92\x7a"
	"\x96\xb4\x78\xe6\xeb\x65\xba\x53\x9b\x5f\x8c\x83\x9e\xd4\x78\xa8"
	"\x31\x8b\xe2\xdd\xc2\x07\x22\xa1\xbd\x3a\x4b\x97\xfb\xf5\x9f\x9e"
	"\xe5\x0d\x75\xd9\x6f\x57\x38\xe2\x92\x6d\xa3\xbd\xa7\x39\xb8\xdc"
	"\x66\x98\x1c\x1e\xd8\x44\x6b\xbe\x5b\x2c\x22\x9c\x3e\x9c\x89\x6a"
	"\x81\xf1\x94\x79\x8e\x83\xec\x88\xd3\x2a\x91\x99\x61\x25\x13\xad"
	"\xb0\x15\xaa\x16\xd6\x8b\x6b\x91\xaa\x74\x97\x06\x3d\x73\x29\x35"
	"\x39\xa2\x72\xc2\x6e\xc4\xae\xda\x39\xae\xaf\xf4\x24\x2b\xe7\x5a"
	"\xb4\xcc\xf6\xc3\xcf\x47\x2c\xa5\x5b\x7f\xc0\xd1\x00\x07\xfa\x33"
	"\x39\xab\x26\x05\x9a\x7b\xb3\x3e\x96\x05\x29\x09\x5c\x72\xc3\x0f"
	"\xcc\x6d\x7f\x06\x91\xf7\xb4\xf3\x1c\xe7\xa3\x0a\x45\xd6\x9b\xc3"
	"\xf8\x7a\xe9\x6a\x70\x63\xfc\x8e\xdf\xd2\x45\x49\x6a\x71\xac\xe4"
	"\xa4\x4a\x10\x53\x16\x58\xe4\x33\x83\x58\x8a\x9e\x8a\xcc\x7a\x76"
	"\x4c\xd4\xca\x5b\x2f\x42\x09\x6f\x18\x09\x0c\xb5\x91\x4b\x04\x45"
	"\x45\xa7\xb5\xa2\x7d\xa4\x4d\x85\x96\xea\xf2\x4c\x6e\x0f\x86\x5b"
	"\xfd\x0e\x9d\xae\x6f\x81\x27\x3d\x95\x17\x64\x62\xa8\x7c\xa3\x9d"
	"\x69\xff\x8a\x7c\x9c\xc1\x24\x1a\x0b\x23\x70\x73\x4b\xb5\x21\xbd"
	"\xea\x6e\x7d\xf5\xa5\xf6\x1c\x5f\x59\x48\xb6\x7f\x46\xae\x4f\x90"
	"\x73\xe2\x2d\x2b\xa7\xe9\xa4\x6e\x1e\x93\xe6\x4c\xdb\x5b\x98\x21"
	"\x15\x18\xc2\x1f\x5e\x51\x01\x48\x99\x35\x95\x62\x26\x4c\x0d\xee"
	"\x43\x75\xe0\xdf\x01\xa2\x26\x54\x70\x07\x7a\x0d\xbf\xa3\xad\x89"
	"\xd0\x39\x90\x54\x17\x64\x10\x85\x7d\xbb\x7a\x75\xe5\x86\xe8\x5c"
	"\xf3\x93\x98\x78\xc1\x35\x22\x3a\xa5\xf4\x21\x5a\xee\x57\x0f\x7f"
	"\xc9\xdf\xbe\xbf\x5e\xd4\x9f\xbf\xba\x94\x49\x39\x6b\x28\x58\x0c"
	"\xba\xcb\xee\x89\x5d\x59\x89\x67\xb7\x6d\xaf\xb1\x70\x12\xe3\xd8"
	"\x32\x13\xd7\xf0\xb6\xd1\x61\x52\x95\x99\xc5\x49\x68\x45\xb5\x6d"
	"\xbd\x78\x38\x29\xce\x7b\xdc\x07\xd7\x44\xcf\x79\x42\x9f\x4e\xa4"
	"\x50\x53\x0d\xb7\x32\x47\xb4\xef\xcc\xf3\x76\x4d\x52\xc2\x31\x3b"
	"\x3d\xf4\xb9\x02\xab\x51\xd2\xb9\xc5\x28\x70\x43\x8c\x58\x22\x1c"
	"\x90\xe7\xc8\xaa\x0e\x10\x96\x03\xa9\x3b\xc8\xd7\x55\xe1\x3a\x54"
	"\xe4\xc9\x72\xe0\xaa\x7e\x76\x67\x3d\x50\x8d\x92\xfb\x3b\x67\x96"
	"\xb3\x79\xfc\x79\x2b\xbf\xe0\x58\x58\xca\x26\x2d\x1d\xd7\x18\xda"
	"\xd0\xef\xa6\x95\xfb\x6c\xab\x84\xb2\xb7\x1f\xef\xdf\xdf\x7e\xf9"
	"\x09\x0a\x30\xf1\xbf\x6f\xef\x9f\x7e\x7b\x20\xdf\x3f\xfd\xf6\xf6"
	"\xfe\xfa\xe9\xfd\xe7\xf7\xb1\x99\xf2\x30\xd8\xf2\x08\x46\x9c\x93"
	"\xa7\x38\x6a\xf7\xcb\xaa\xa6\x5b\x4e\xd4\xd0\xe7\xaa\xc1\x58\x2e"
	"\xf9\x5c\x1f\x2b\xa7\x0f\xe9\x51\x79\x24\x23\xb5\xb4\xb7\xa2\x3e"
	"\x49\x9b\x4f\xe5\xac\xa1\x81\x02\xd4\x81\x69\xd9\xc4\x52\x19\x2d"
	"\xa3\x36\x90\xa9\x50\x02\x26\x1c\x4f\x56\xc7\x8b\x82\xa5\x15\xe6"
	"\xbf\xe7\x96\x55\x52\xdb\x49\x2f\x49\x29\xc6\x13\xf7\x1a\x4a\x29"
	"\x42\x8d\xe0\xe4\xa3\x5d\xa8\xda\xe1\xae\x03\x11\xca\x6b\x87\x51"
	"\xe5\xd9\x2e\x8a\x22\xf4\x86\xae\x86\x29\xb4\x44\x1e\xf1\x2a\x69"
	"\xa4\x3d\x24\xa1\xca\xaa\xcd\xa0\x54\xfc\x9c\xf5\xd5\xa7\xfc\x92"
	"\x05\xb2\x35\xa9\x73\x46\x11\x68\x65\x25\x6c\xae\xaf\xc0\x5e\x19"
	"\x17\x11\x4a\xa0\x28\x05\x1b\x9c\xd0\x2c\x39\x29\x1e\xc4\x6e\xa6"
	"\x4e\xe9\xca\x64\xb7\xb3\xa5\x90\x79\x66\xe3\x84\xd7\x5e\x2c\xc9"
	"\x6a\x85\xb0\xa8\x1c\xb6\x28\x44\x2d\x58\xb6\xee\xce\x48\xb1\x59"
	"\x27\xd9\xa1\x2a\x97\x68\x61\x88\x44\xf1\xac\x64\x27\x8e\x1a\x6c"
	"\xaa\x8c\x32\xd8\xe0\x94\xd8\xe6\xe9\x49\x49\xfc\x79\x20\x43\x69"
	"\x07\xe4\x51\x1b\x6f\x12\xca\x74\x66\x27\xab\x5f\xe5\xf1\x54\x82"
	"\x79\x1c\x04\x58\x47\x9e\xb1\x8d\x21\xe7\x30\x24\x39\xb4\x41\x4c"
	"\x73\x70\x1a\x29\xe9\xda\x75\xb5\xed\x69\xa1\x60\x4f\x27\x86\x3d"
	"\xea\x18\x88\x93\x8a\x39\x5a\x7e\xa4\x85\xb0\x25\x88\x3e\xa9\x93"
	"\x11\xa2\x74\xee\xc9\x4b\x3f\x79\x15\x20\x07\x6b\xa6\x84\xe1\xca"
	"\xde\xbf\x58\x1a\xc8\xa2\xa6\x1a\x2b\xad\xe5\x75\xa0\x10\xf7\xd8"
	"\xb9\xef\xdd\xd8\xbb\xe0\x86\x98\xd1\xd9\x0b\x62\x79\x2a\xd0\x88"
	"\x3f\x43\xae\xa9\x51\x6b\x56\xc4\x8f\x58\xe8\xe2\x0c\x3c\xe5\xfb"
	"\xcb\xa3\x4a\xd8\xa0\xad\xb5\x1a\x68\x1c\xac\x3b\xfd\x98\x1e\x99"
	"\x35\x73\x4c\x4a\x57\xd6\xa2\x17\x0f\xc1\xf8\xad\xa3\xc1\x92\x8e"
	"\x4a\x78\x83\xf3\xcc\x3a\x55\x8e\xac\x5d\x1f\xb3\xb8\x3b\x4c\x02"
	"\x15\x8c\x00\xa0\xba\xa7\x38\xb9\x5e\xac\xd0\xa3\xe5\x58\x0a\x2c"
	"\x1d\x9c\x4f\xe4\x28\x11\xdd\xfb\x14\x71\x19\x68\xa6\xd5\x59\xc7"
	"\x3a\x0a\xed\xcb\xc7\x13\xb9\x50\x66\x77\x4a\x70\xae\xb2\x5d\xbc"
	"\x6e\x5b\xe7\xf1\x05\x52\x8f\x75\x6b\x40\x31\x05\x15\x10\x3c\x14"
	"\xc4\xea\xe3\x90\x60\xe9\xc8\x36\xc6\x5a\x2c\xcb\xf4\x68\xb7\x29"
	"\x58\x71\x2b\xac\x66\x8a\x80\xe5\x41\x9e\x65\xe4\x3c\x5a\xb8\xd7"
	"\xd4\x07\x1e\x58\x4e\x9c\x34\x67\x5a\x58\x1d\xcd\xcf\x1c\xdb\x51"
	"\xc5\x23\x62\x8a\x2a\x1e\x9f\xe3\xc0\x87\xd4\x57\x48\x59\x59\x2b"
	"\x97\x17\xad\x9a\xf5\x88\x1a\xbd\x68\xd7\xb8\x00\xa9\xa8\xe2\xe2"
	"\x25\xe7\x97\x40\x7d\x58\xda\xd8\x13\xec\x51\xec\x76\x2b\x37\x4b"
	"\x00\xa4\x75\xe4\x21\xa9\x2f\x16\x08\xf9\xa3\x2a\xb5\x45\x74\xe9"
	"\x93\xfa\x54\xb3\x4d\xaa\x4c\xe3\xdd\x07\xc4\x08\x4f\x11\xdb\x78"
	"\xa5\xa8\x98\xc1\x4c\xb9\x5d\x2d\xdb\x3b\xbe\x2a\x28\x67\xce\x35"
	"\xc8\x9f\x1b\x6b\x45\xc3\xef\x68\x81\x4c\x81\x9c\x92\xa2\x0c\x7c"
	"\xae\x24\xb2\xff\xd8\xed\x18\x31\x49\x6e\x89\x50\xec\x96\xbb\x38"
	"\xb0\xf1\x80\x9b\x93\x66\x1a\xa8\x3e\x46\x26\xf0\xb9\x3d\xd0\x60"
	"\x71\x4d\x55\x56\x7c\x12\x67\x21\x70\xca\x95\xee\x0e\xdc\x2d\xed"
	"\x57\x96\x25\x8d\x1f\xc3\x53\xa1\x3c\x2b\xae\xc5\x3a\xc0\xf3\xaa"
	"\x49\x69\x46\x9d\xa1\xff\x46\x19\xab\x47\x66\x4b\x6c\xc7\x2a\xb0"
	"\x01\xf7\x81\x26\x69\x79\x80\x08\xa4\xd6\xee\xad\x64\x27\x35\x1d"
	"\x9d\xbd\xf8\x4c\xe1\xd1\x43\xce\x02\x32\xa8\xd1\xf8\x5b\x0f\xd4"
	"\x0b\xb2\xc4\xae\x17\x9f\x0a\x94\xf1\x7e\x2a\x0e\xe8\x73\x9e\x96"
	"\x96\x1d\x9a\x8f\x06\x64\x27\x50\xbf\xc0\x33\x68\xab\x8e\x29\xd9"
	"\xaa\x63\x03\x35\xa1\x31\xf6\xeb\xee\x88\x44\x0d\xc7\xe4\xfb\x26"
	"\xb3\x3a\xa2\xd9\x2c\x56\x81\x79\x0d\x9e\x80\x25\xb5\x58\xa7\x5d"
	"\xb4\xdc\x23\xb7\xe6\x40\x92\x95\x7b\xd2\x37\xbb\x68\xb3\x0f\x7d"
	"\xac\x84\x6b\x4f\x77\xd5\xe1\xd1\x7b\xe3\x24\xf5\xcf\x17\xad\xa5"
	"\x07\x67\x5e\x17\x9c\xaa\x82\xd2\x27\x77\x91\x55\x41\x9a\xbc\x20"
	"\xb6\xf2\x41\x20\x7a\x30\x01\x8f\xef\x60\x0c\x03\x53\x51\xf1\x6c"
	"\xc4\xde\x21\xd2\x7d\xbc\x58\x46\xa1\x5c\xf6\x75\x1f\x13\x7b\xec"
	"\x92\x8c\x89\x68\x1f\x18\x50\xc1\x85\xfd\xc8\x93\xa7\xfb\xc8\xbd"
	"\x16\x68\xcd\x52\xf4\x3e\x4e\x15\xb3\x8f\x90\x8c\x9a\xb8\x0a\x6d"
	"\x99\xa2\x4a\xd5\x86\x69\x3d\xb5\x1e\x53\xa5\x3e\x15\xac\xaa\x4a"
	"\x0e\xae\xdf\xc2\xa3\x6a\x6b\xe9\x8e\xa4\xae\x9f\x39\x25\x05\xc6"
	"\xef\x1f\x28\x47\x9e\xd8\x0a\xa1\xb8\x47\xf7\x9a\x67\xa7\x40\x25"
	"\x9e\xcb\xaa\x16\xcf\xd6\xd0\xc1\x5d\x74\x5b\x1c\xd0\x38\x62\x43"
	"\x5e\x49\x8f\x27\x69\x6d\xa2\x26\x25\x90\xcb\xce\xc1\xba\xb4\x56"
	"\xdc\x09\xc1\x02\x2d\x16\x24\x30\x5b\xcf\xf6\xee\xaf\x7e\x76\x8d"
	"\xe2\xa6\xdd\xc5\x01\x15\x1e\xa9\xa7\x13\xdd\xff\xbc\xd8\x0b\xfb"
	"\x58\xda\x81\xea\x4c\x4a\x77\x59\x63\x93\xed\x0a\x58\x22\x80\x3c"
	"\xcb\x18\x26\xd2\x38\x5f\xf7\x02\x6f\xd9\x3f\x31\x1e\xe9\xdf\x21"
	"\x71\xfa\x76\x47\xa7\xa5\x70\x2d\xc7\x30\xb9\xc9\x60\x98\x4c\x08"
	"\x72\x99\x36\x14\xdc\xf1\x53\x8b\x3f\xf6\xb6\x50\xf0\xe0\xac\xa1"
	"\x9e\xe2\x02\xb2\x9c\xc6\xa8\x65\x98\xc2\xad\x02\xc7\x21\x55\x0a"
	"\x0a\x4f\x9c\xde\xab\x44\x5c\xe1\xb2\x8f\xcf\x05\x1b\x3d\xe1\x17"
	"\x17\x95\x62\x69\x45\x68\x06\x11\x87\xf5\xc3\x5e\x45\x9a\xdb\xe7"
	"\x33\xf6\x00\xe9\xb8\x43\x0d\xd0\x58\x4e\x72\x8e\x74\x92\x46\x4f"
	"\x89\x03\xda\xdd\x6e\xbb\xdf\x24\x38\x40\xee\x16\xcb\x16\x25\xab"
	"\x41\x07\x23\x24\x1f\x7d\xb7\xf5\xd1\x7b\x15\x21\x0a\x48\x59\x4a"
	"\x32\xbc\xfe\xbd\x06\x05\xa5\x67\x44\xcd\x5e\x4f\xf1\x59\x0d\x6c"
	"\x6b\xec\xa5\xcb\x74\x17\x45\xfe\x12\x56\x3b\x3f\x7d\xb3\x9d\xd2"
	"\xaf\x37\x60\x2d\xd5\xc3\x67\x19\xdd\xa5\x75\xa1\x66\x38\x56\xa2"
	"\x16\xb7\xbb\xf6\x42\x9e\x51\x48\x01\xb6\x51\x32\x5a\x44\x51\x8a"
	"\x63\xc0\xf1\x06\x42\xeb\x45\xcd\x20\x5d\x49\x18\x38\x46\x4b\x6d"
	"\x5e\xb2\x16\xa2\xee\x40\xc8\xc8\x0f\x02\xa9\x04\x45\x94\xda\xc1"
	"\x07\xc1\x6b\xf2\xe4\xcd\xde\xf3\x76\x1e\xba\x66\xc7\x70\xba\x62"
	"\xc9\xbc\xcd\x04\x3e\x00\x27\x4a\x1a\x2d\x5a\x24\xb0\x2e\x6d\x88"
	"\xda\xf1\xe1\x05\x00\x96\xfd\x0c\x97\xd5\xe0\x5b\x02\xa1\xb7\xac"
	"\x60\xa5\xda\x6d\xd5\x2e\x13\x37\xf0\xb7\x6f\x24\x95\xf8\xbc\xdf"
	"\xaf\xb9\x4b\x9f\x5d\xd7\xa3\xc7\x63\xea\x47\x97\x88\xcc\x8e\x15"
	"\x0b\x89\x19\x85\x77\x87\xd4\x4e\x9c\xba\xe7\x86\x34\x5e\xd7\x13"
	"\x94\x36\x5b\xb0\x63\x63\xaa\xe4\xca\x42\x49\xfb\x73\x95\xed\x85"
	"\x16\x4a\x19\x0c\x7c\x47\x49\xfa\x01\xb6\xb4\x8d\x14\x84\x5b\x53"
	"\x2a\x8a\xe3\x28\x33\xbc\x85\x31\x3e\xa1\xe0\xf1\xb6\xfd\xb4\x44"
	"\x91\x52\x22\x53\xf4\x0d\xcd\x23\xb9\x60\x0a\x44\x20\xd7\x10\x3e"
	"\xda\xe9\x8e\x06\xa8\x8d\x2c\x76\xd1\x7a\x61\xd7\xc4\x24\xc6\xd3"
	"\x5a\x80\x62\x61\xe7\x7c\xb6\x08\x54\xf5\xc7\x92\x81\x86\x26\xc1"
	"\xa1\x10\x6d\x5b\x8c\xb0\xef\xa2\xed\x8e\xcc\xa9\x69\x96\x6a\xb5"
	"\xf5\xb4\x12\x3d\xad\xa3\xce\x07\x88\x63\x44\x99\x72\x57\x66\xa3"
	"\xaf\x1c\x10\x68\xb7\x0d\xa5\xf0\x84\xf9\x41\x19\xdf\x6f\x10\xa3"
	"\xaf\x01\x22\x9a\xfd\x16\x61\xa3\x46\x10\xf7\x0d\xd8\x15\xa0\x16"
	"\xf6\xd6\xd2\x99\x8e\x29\x7b\x43\x99\x15\x7b\x28\x36\xf1\x82\x78"
	"\x8a\x2d\x61\x63\xdf\x2d\x5c\x79\xe1\xd8\x48\xbc\x95\xe6\xa9\xd8"
	"\xee\x96\xfe\x86\x35\x10\x95\xb8\x3b\x56\xee\xf7\x54\xa3\x8e\x16"
	"\xa7\x44\xd0\xc1\x12\xc5\x39\x1f\x7a\xc8\xb4\xae\xa4\x60\x1d\x5f"
	"\x6f\x96\xf8\x2b\x33\x52\xc6\xdb\x18\xeb\xdc\x84\x16\x8f\x63\x4b"
	"\x35\x9d\xa1\xe1\x6a\x7b\x38\xcd\xba\x94\xd6\xa2\x2a\xe3\xdd\x6e"
	"\x87\x2f\xc6\x34\x76\xcb\x83\x43\x3b\x3e\x92\x53\x73\x12\xce\x59"
	"\xdd\xee\xe2\x65\xb4\xe8\x7c\x8b\x19\x70\x8f\xa4\xe0\x88\xf1\xe0"
	"\x00\x79\x52\x47\xd0\xe5\x82\x18\x6f\x00\xe8\x28\x2a\x6f\x01\x8a"
	"\x2b\x58\x47\x2d\x3e\xab\x59\x7d\xf4\x55\x53\x30\xda\xc0\xb5\x2e"
	"\x72\x0b\x01\x90\x73\xb1\x09\x2c\x89\xf4\xa8\x24\x75\x57\x57\x5e"
	"\x26\x22\xfd\xd5\x87\xd8\x25\x13\x08\xfc\x66\x1d\xc1\x8d\x6a\xc5"
	"\x45\xb3\xad\x46\xd4\x4f\x8f\x01\x8f\xa2\xae\x1f\xd1\x97\x3c\x8a"
	"\xba\x79\x2c\x10\xc1\x4a\x2d\xc9\x68\x11\xaa\xa7\xe4\xb6\x8e\x5a"
	"\x27\x04\x32\x39\x6f\xc8\x9b\x94\xe7\x6e\xe9\x77\x9c\x75\xb8\x6e"
	"\x74\x90\x66\xf7\x31\xac\xbe\xc4\x98\xd8\x08\x34\x7c\xd0\xc6\x45"
	"\x36\x82\x59\xa5\xc2\x0e\x41\xdc\xac\x89\x3a\x05\x38\x62\x25\x57"
	"\x37\x4c\x70\xa7\x83\xf2\xf1\xf7\x1c\x77\x1d\x4a\x8e\xa2\x8d\x44"
	"\x4c\xe8\xf9\x85\xe5\x8c\xb6\xa1\x52\x69\xc6\x08\x3a\x9b\x1a\x62"
	"\x33\x18\x16\xed\xaa\xe1\x73\x11\xc7\xef\xb0\xc6\x84\x71\xf8\xe1"
	"\x71\xba\x44\xf0\x1f\x9f\x33\x32\xdb\x68\x3e\x66\x51\xbc\x88\x02"
	"\x2d\xd3\x72\x1e\x2d\xed\xbb\xe4\x27\x59\xc2\x44\x52\xfc\x04\x69"
	"\x0a\xed\xcb\xe0\x8e\x7d\xff\x82\xda\x96\xb1\x46\x76\xd0\xcd\xae"
	"\xaa\xa4\xa5\x5a\xcc\x9c\x72\x30\xcd\xd4\x7e\x76\x46\x9c\x52\x5a"
	"\x64\x9d\x92\x15\x7a\x3b\xbd\x91\xed\x86\x10\xda\x87\x61\x8c\xf8"
	"\x30\xbc\x02\x96\x3e\x00\x5c\x32\x6b\x0e\xdf\x5f\xc6\xca\xb9\xc5"
	"\x6b\xf2\x49\x71\x96\x62\x5e\x33\xb5\x21\x8b\x73\x8a\x65\x3a\xd0"
	"\xb2\x18\x9e\x8a\xd1\xaf\x10\xb1\xf3\xe1\xf2\x06\x3e\x5b\xfe\xd2"
	"\xbb\x18\x7d\xfb\xfa\xeb\xc3\x37\xe3\xad\xe9\xaf\x0f\xef\xdf\x54"
	"\x01\xaf\x0f\xef\xbf\x0d\x28\x87\x1c\x8f\x6d\xfe\x67\xde\x82\xb9"
	"\x12\x6e\x76\xe8\xf0\x3c\x35\x7a\xa1\x95\x39\x6c\x37\xbf\xfe\xf1"
	"\xf3\x1d\x7d\x87\xa8\x1d\xf1\x8d\xc2\xd9\xc0\xcf\xc1\x69\x9f\x95"
	"\x96\xe7\x30\xe2\xc5\xc4\x61\xba\xa1\x81\x9f\x57\xcc\xbd\x8a\x41"
	"\x08\xed\xd1\xf5\x91\x23\x3b\x88\x01\x71\x22\x1b\xd6\x4e\x41\xba"
	"\x11\xa7\x1f\xaf\xdf\xbf\xbc\x7c\xfd\xfc\xf0\xf6\xf5\xfd\xf5\xfb"
	"\xbf\x5e\x26\xfe\x0b\xfa\xfc\xd5\x49\x50\x7f\x3d\x3e\x54\xcf\x6e"
	"\x97\xbf\x86\x4c\xcf\x13\xff\x21\x43\x32\x76\xcc\x18\xfa\x23\x7d"
	"\x06\xc7\x27\xd2\x0f\x51\x3b\x7f\x52\x21\xc3\x83\x39\x08\xbb\x66"
	"\x4e\xaa\x89\x15\xeb\x90\xa6\x8e\x4c\xb7\xe8\x31\x02\xd4\xeb\x35"
	"\xc2\x12\x4d\x40\xae\xcb\x88\x1b\x44\x3e\x26\xee\x2a\x3c\x29\x1e"
	"\x15\x71\x50\x30\xc2\xc4\xd1\x26\x80\xc9\x7a\x4f\xd1\xcd\x66\xb7"
	"\xf6\x23\x8b\xc7\xc7\x24\xf3\x55\x16\x54\x8a\xce\xba\x02\x41\x4f"
	"\x58\xc4\x9a\xfa\x0a\x94\xb0\x8f\x44\x9b\x20\x68\xb7\x8a\x02\x7d"
	"\x6b\xe6\x75\xa0\x41\x7c\xb7\x8c\x97\x61\xcc\x72\x19\xfa\x56\xbb"
	"\x5d\xae\xf7\x01\x50\x2a\x02\x80\xba\x89\xe2\xc8\x8f\x29\xe9\x45"
	"\x22\xfb\xf0\x15\x03\x9e\xc3\xe1\x24\x08\x7c\xae\xbf\xad\x0a\x80"
	"\x64\x75\x21\x17\xf2\x1c\x40\x9d\xca\xc7\x24\x30\xb2\x95\xda\x61"
	"\x56\x81\x71\xe5\x71\x27\xab\x53\x7a\xc4\xdc\xb2\x5f\x91\xad\x0c"
	"\x7e\x2f\x25\x75\x14\xb5\x81\x09\x90\x20\xb2\xee\x68\x6b\x43\xb7"
	"\x2d\xb5\xab\x41\x3c\x4f\xeb\x4a\x72\x48\x53\xc2\x15\xc1\x5c\x47"
	"\xde\x30\xcb\x2c\x00\x40\x2e\x13\xae\x80\xb4\x4a\x90\xc7\x2d\x57"
	"\xc8\x21\x47\xec\xcb\x6e\x08\x2c\x06\xa2\x85\xe8\x78\x08\x74\x62"
	"\x6a\x79\x73\xc4\x97\xcd\x15\xa6\xb9\x5c\x92\x06\x50\x82\x65\xf4"
	"\xc2\x4a\x2c\x4a\xde\x15\x27\x39\xb2\x0f\xdf\xbe\xa7\x8d\x05\xfc"
	"\x98\x0b\x69\x1a\x56\x05\x3e\xc5\xc9\x41\xdb\xec\x04\x2a\x5e\x93"
	"\x94\x56\x4d\x72\x07\x2a\x21\x88\x91\xcc\x0d\x26\x59\x79\x08\x76"
	"\xc1\x85\x65\xea\x87\x1f\xf4\xf1\x48\xcb\xe3\x29\x30\x55\x88\x58"
	"\x2f\xa2\xc8\x8f\x81\xa3\xfc\xe4\x0c\x1f\x71\x85\xb4\x35\xc9\x6e"
	"\x7c\x8c\x95\xac\xf8\x19\x8c\x32\x75\x59\x7c\xa5\xd6\x42\xd3\x31"
	"\xfb\x83\x1b\xae\x6d\x52\x74\xad\xea\xa8\x7d\x23\x8e\xcb\xfc\x36"
	"\x5a\x8d\x94\xa6\xe3\x0a\x8f\x49\xac\xb6\x04\x92\x11\xe9\x20\xc7"
	"\x92\xe1\x88\x70\x24\xa5\xe2\x32\x0f\x4e\xda\x23\x44\x0f\xb4\x1f"
	"\x06\x5d\x69\x0e\x85\xe4\x14\x26\x68\xc3\x48\xa1\x66\xab\xe2\x69"
	"\x56\x78\x53\x61\x03\x15\x69\x43\xe9\x48\x7d\x33\x4a\x84\x27\x77"
	"\x35\xf8\xe5\xb6\x0d\x5c\xc6\x08\x92\x89\xed\x0e\xf1\xf8\x62\xe3"
	"\xb6\xbb\xed\xf6\x3e\xd8\xfe\x0e\x58\x1a\xc6\x34\xd1\x22\x8e\x50"
	"\x57\x2d\x16\x14\x74\x03\x1d\x47\x9c\x74\x5b\xc8\x93\xe2\x4d\x58"
	"\x9b\xb2\x26\x08\x4d\x4e\x4a\xc8\x8f\x96\xf7\xe1\xe2\x70\x9b\xe1"
	"\xd6\xa2\x2a\x69\xc7\xd2\x72\xb7\x44\x38\x1a\x0b\xff\xbc\x4b\x25"
	"\x3f\x44\xd1\xe2\x0e\xa8\x94\xa2\xc6\x8d\x02\xe7\xd8\xd5\x7d\xe0"
	"\xec\xb9\x24\x35\xf2\xfa\x71\x8c\x3b\x12\x5e\x8b\x23\xbb\xa3\x44"
	"\x4a\x25\x0b\x83\x0e\xa4\x20\xed\x9d\xb0\x7e\xad\x84\xd1\x6d\xba"
	"\xc4\xcc\x65\xc7\xb8\xfc\xf4\x81\x49\x71\x0a\xe2\x0e\x55\x95\xb1"
	"\x70\x25\x8f\xea\x78\x43\x22\x4a\x8c\x61\xac\x60\x31\x16\x40\x61"
	"\x8c\x13\x1b\xf1\xbc\x45\x9c\x65\x5b\xb5\x3b\x95\x1f\xef\x18\x8d"
	"\x47\x99\xc7\x51\x1c\x5e\xd7\x14\x3b\x0d\x6d\x50\x78\xa6\xe8\x1d"
	"\xad\xbb\xa0\xcf\xc4\xe7\xd8\x7b\x36\x00\xc5\x94\x47\xd1\xee\x8e"
	"\x22\x15\x63\xbe\xbe\x67\x12\x70\x2e\xa2\x68\x15\x86\xd1\x22\x27"
	"\xa2\xe3\xac\xbe\x03\xab\x7f\x84\x27\x02\x6f\x37\xa7\xa2\x93\x22"
	"\xdc\x6a\x56\xd2\x96\x85\xbb\x9c\x3f\x6e\xa3\x38\x88\x52\x82\x04"
	"\x07\xe7\x8e\xe1\x51\xce\x64\x97\xcb\x75\xbb\x08\x1f\x1a\xfa\xdf"
	"\x0d\x3b\x1c\xe5\x7d\xd0\x0b\x0b\x4f\xb2\x3b\x77\xef\x4b\x26\xb5"
	"\xa5\xc4\x3d\xb3\x47\x5f\x30\x56\xbc\xae\x04\xe6\x84\x76\x56\x53"
	"\xa6\x84\xed\xf0\xd1\xa0\x06\x51\xef\x4e\xd5\x3d\xc8\x78\xb1\x58"
	"\xdd\x89\x5b\xdf\x89\x0b\xaf\xeb\x86\x77\x48\x58\x29\x6b\xd3\x61"
	"\x05\x25\xd9\x1d\x30\x71\x57\x7f\x0b\x19\xc5\xcb\xf8\x0e\x18\xcf"
	"\xef\xa9\xdc\xa9\xc9\x15\x63\x87\x7b\x7e\xb3\xc0\xed\x6e\xb3\xbe"
	"\xa3\x9b\x6b\xb1\x59\x2f\xb6\xe1\xed\xf8\x23\x95\x9b\x38\x0e\xcf"
	"\x84\x8f\xb8\x68\x62\x0d\x47\x75\xe4\x3d\x43\xb1\xbc\xa3\x7f\xc2"
	"\x10\x38\xbf\xb5\x49\x43\x26\xda\xff\x0f\xb4\x44\x64\x65\xeb\x9c"
	"\xbc\x63\x6c\x4a\xb9\xdc\xb4\xce\x0b\xf3\x5e\xea\x66\xb6\x61\xa8"
	"\x49\x55\x4c\x64\xb4\x6a\x3d\xc2\xba\xe1\xf7\x94\xd4\x8f\x6f\xa9"
	"\x06\x98\x70\x12\x21\xbe\x3f\x7b\xc5\xe3\xb2\x5d\xa8\x0e\x97\x98"
	"\xa2\xc5\xa0\x8e\x09\x44\xd8\x45\x23\xaa\xf4\x3a\x5a\xbe\xdb\xaf"
	"\xa2\xae\xbe\x34\x98\x4a\xe3\x8a\x03\x13\xaf\x33\x53\xf2\xbc\xdb"
	"\x81\x89\xc1\x69\x1f\x98\x3a\xb6\x51\x67\x9b\xf8\xf7\x64\xc9\xc0"
	"\xca\x14\x86\xcb\xa7\xd6\xe0\x64\xb7\xf2\xf6\xc0\xa1\x8e\x89\x97"
	"\x0c\x06\x82\x8a\x83\xc1\x34\xe2\x37\x54\x46\xc1\x2b\x51\xe3\x1d"
	"\x37\xa6\x7d\xf8\x4b\x1a\xfb\x35\xb9\x4a\x68\x2e\x7b\xa4\x0f\xd8"
	"\xca\x0f\x7b\x5f\x4f\x43\xe7\x71\xe2\x2d\xe3\x99\x92\x69\x74\x8a"
	"\x09\x22\xe5\xd1\xc2\xf7\x15\xf0\x75\x50\xc0\x48\xf6\xc3\x81\x0e"
	"\xe8\x69\xb8\x0a\x70\x74\x9e\xaf\x15\x69\xbe\x5b\x23\x4e\x7d\x7a"
	"\xc4\x85\x87\x87\x08\x40\x7a\xce\x85\x86\xb1\xa9\x24\x69\x9e\xe1"
	"\x8d\x4d\x68\x34\xb3\xb6\x58\x7a\xd7\x29\xe3\x42\x55\xff\xe4\xed"
	"\x5c\x82\x32\xe5\xfd\xc5\x86\x0e\xb5\x00\x0b\x54\x49\x84\x0d\xf1"
	"\xad\xac\xac\x39\xc7\x9b\x45\x7b\xc7\xb2\xd0\xc8\xcd\xfa\x6e\xe4"
	"\xd6\x8b\x6c\x38\xf3\xc8\x53\x6a\x5c\xae\x6c\x2f\xfd\x68\xf3\xa8"
	"\xfa\x82\xe2\xf8\xf2\xfd\xb3\x0e\xf8\xc1\xfe\x51\x3d\x0c\xde\x11"
	"\xaf\x5e\x4b\x1b\x5b\xcd\xae\x13\xe0\x6f\xf4\x5d\xb5\x41\x40\xd0"
	"\x93\x47\xcc\x9d\x9c\x46\xd4\x29\xab\x45\xec\x0c\x05\x04\xe4\x82"
	"\x25\x8a\x3c\xff\x74\x43\x2e\xbe\xcf\x1a\xf7\x04\x93\x82\xa7\x5f"
	"\x16\x31\xc7\xdc\x1d\xf5\xc5\x34\x69\xa0\x0c\x52\x27\x7e\x80\xb9"
	"\x86\x10\x98\x4d\x0c\xca\x95\x1d\x08\xa7\x4e\x0f\xbf\xe9\x6f\x2f"
	"\xdf\x5f\x3e\xbd\xbf\x7e\x1f\xf9\xf7\x1e\x8e\x3c\xdb\xe0\xed\xec"
	"\xb4\xf4\x29\x59\xbb\xdf\x75\xb5\xb4\xcd\xf3\x8d\xab\x3c\x9d\x8c"
	"\x36\x86\x14\x10\xc2\xde\x44\x92\x41\x7c\x1c\x96\xd5\xc7\x0a\x7b"
	"\x4a\xd6\x1d\x04\x72\x9a\x43\xfc\x0f\xc5\xb5\x39\x83\xf3\x14\x19"
	"\x38\x63\x85\x00\x29\x10\x29\xc6\x8e\xec\x72\x9e\x38\xbf\x37\x1e"
	"\x3e\x5f\xbf\xbf\xbd\x7c\x71\x5d\xc5\xf6\x6d\xd8\xc5\xf6\x41\x64"
	"\x3c\xb4\x7f\xfb\xfa\x77\x4d\xf8\x61\xb2\x6b\x7f\x23\x0e\xc7\x37"
	"\x7d\x19\x30\xad\xbb\xba\x58\x44\x0b\x5f\x6f\x5d\x51\x91\x0f\xa5"
	"\x63\x37\xa4\x7a\x5f\xe1\x1d\x18\xad\x4e\x6d\xb4\xa6\x19\x94\x94"
	"\xb9\x44\xdf\xa6\x8c\x21\xad\x0f\x02\xa1\x16\xa7\xd1\x2e\x6c\xc4"
	"\xf4\x6a\xbf\x4f\xfe\x80\x0c\xe3\xf0\x69\xc1\xf1\x22\x21\x54\xe2"
	"\x81\x8e\xdf\xea\x4d\x08\x6a\x83\x2b\x72\x13\xb3\x98\x4d\x9e\x35"
	"\x4d\x80\x26\xe4\x85\xc3\x5f\x0d\x9a\xe3\x4e\xec\xd1\xbb\x02\x44"
	"\x9a\x96\x88\xe5\xee\x15\x11\x6d\x98\xd8\xb6\xde\xde\xef\x37\xa8"
	"\x0f\x92\x1c\xd0\x98\x97\x36\x34\x04\x63\x79\xbb\x69\x37\xde\x59"
	"\xd1\xdb\x05\xd7\x22\x58\x18\x69\x52\x1f\xb9\xa9\x63\x1f\x39\x17"
	"\x45\x57\xd4\xa1\x6f\xa4\xf0\x00\x8a\x94\xea\x6c\x63\x07\x96\xaa"
	"\xe5\xdd\xf8\xd0\xe0\xb3\x2e\x71\x5a\xcf\xaa\x5d\x0f\xcc\x8f\x4a"
	"\x69\x5d\x8b\x1d\xcf\x69\x97\xa5\x88\xef\xa6\x9a\xc3\x44\x2b\xb3"
	"\xc2\x1d\xd9\xeb\xa2\x4e\x97\x32\xb3\xed\xb7\xae\x89\xda\x5b\xbc"
	"\xda\xb5\xdd\x81\x37\x6e\x30\x98\x4a\x66\x57\xbd\x4d\xf6\x1b\x75"
	"\xee\xea\x83\xd4\x10\x20\xcf\x11\xf4\xa6\xf7\x51\xf8\xc9\xb1\xef"
	"\x8f\x3c\x4a\x5f\x7c\x31\xae\x64\xaa\xfe\xd4\x1c\x09\x6f\x75\x46"
	"\xcf\x70\x35\x61\x8a\xe7\x49\xaf\xf7\xae\x97\x5e\x7e\x1d\x05\xb4"
	"\x18\x8a\x62\x04\x5c\x6b\x90\x91\xdd\xb7\x4e\xd2\x81\x35\x4e\x22"
	"\xb1\x93\xf3\x4b\xd6\x25\x0d\xcb\x0e\x74\xe2\x46\x14\x7a\x2e\x27"
	"\x42\xa6\xe7\x3a\xb3\x53\x49\x26\xea\xa6\x9e\xf8\x54\xd2\x49\xa8"
	"\x73\x42\xc8\xd6\x64\x89\xb5\x95\x34\xc9\xfa\x1e\x57\xfc\x00\x83"
	"\xe3\x5b\xf8\x62\x3c\x0e\x93\xa2\x39\x09\xa9\x7d\x26\x9b\x80\x66"
	"\x73\xf3\x8f\x38\x75\x18\xe5\x8c\xe3\x72\xa9\x1f\x9d\xbe\x22\x66"
	"\x65\x5e\xd9\xc9\x26\xa4\xdf\x24\x4d\xf5\xb3\x31\x62\x19\x25\x72"
	"\x6d\x2a\x6b\x9e\x18\xfd\xfc\xf2\xfe\xf6\xc7\x97\xd7\x3f\xd5\x8c"
	"\x81\x8f\xa7\xbf\xbd\xfd\xe1\x3a\xd1\x20\x1b\x69\x12\xc3\xa8\xa8"
	"\x42\x55\x77\x94\xc8\x63\xdf\xfe\x0b\x1e\x49\xe1\x0a\x50\x7f\x7b"
	"\x11\x85\x4c\x57\x4b\x44\x75\x37\x60\xea\x94\xec\xd7\xab\xe8\x0e"
	"\xcc\x9f\x7e\x0c\x2b\x53\xd9\x14\x5e\x0c\xf6\xde\x0c\xe8\x19\xbd"
	"\xb7\x14\x5e\xb4\x69\x5d\xb8\xec\x55\x00\xd1\x87\xb7\x03\x5e\xc6"
	"\x1e\x35\x52\x1c\xaa\xe4\x16\x44\x10\x46\xeb\xca\x8c\x83\x4f\xfe"
	"\x89\x77\xff\x3a\x7d\x10\x1c\xd2\x7f\x03\x9f\xfc\xb7\x18\x5a\x2e"
	"\x9e\xc7\x14\xcf\xa2\xf5\x72\x8d\xd6\x5c\xd3\x37\x4b\x3f\xbd\xf5"
	"\xd0\x79\xb6\x5d\x6f\x7c\x64\xf0\xdb\x85\xd2\x19\xa6\x30\xd7\x44"
	"\x81\x29\x56\x14\xb1\x66\xac\x5d\xa1\xd4\x52\xeb\xba\x62\x94\x2e"
	"\x98\x58\xaf\xf7\x6b\x1f\x7d\x83\xd8\xd4\xf7\xe4\xfd\x06\x9f\xe4"
	"\x67\xc4\x32\xbc\xa7\x4d\x6e\xb3\x6e\x5b\xc4\xbf\x7f\xbc\xbf\xfe"
	"\xfe\xf0\x0b\x04\x77\x33\xa3\xf9\xf0\x97\xdf\xd5\x30\x7f\xf9\xf7"
	"\xc3\xeb\xef\xbf\xbc\x7e\xfe\xfc\xfa\xf9\xe1\x1f\x3d\xea\xef\x8a"
	"\x67\xfd\xa4\x56\xf5\x5f\xa7\x03\xde\x3b\x9f\x42\xbf\x9f\xc2\x4b"
	"\x4b\xef\x22\xce\x28\x44\x44\xd6\x41\x21\x5d\xde\xa3\x51\x2c\x62"
	"\x86\x0d\x30\xca\xe9\x39\x46\x56\xc6\xd4\x88\x6b\x48\xeb\x8c\x53"
	"\x4c\x56\x7e\xc0\x43\xaf\xe9\xa1\xae\x38\xc9\xd8\x23\x4a\xaf\x70"
	"\xdb\x24\x3d\x8f\x52\xe2\x73\x92\x0d\x10\xed\x73\xa0\xe7\x5c\xad"
	"\xbc\x4f\xa7\x1a\x2d\xb7\x79\x5c\xb6\x9e\xf9\xc3\x25\xe2\x87\x11"
	"\xc8\xfd\xe3\x53\x3c\xbf\x61\xe6\xe6\x01\x60\xfe\x54\x2c\xc2\x57"
	"\x25\xc1\x28\xcc\x3f\xcc\x36\xf1\xf2\xf9\xe5\x8f\x77\x7c\x7b\xc8"
	"\x58\x05\x26\xc7\xa7\x18\xaf\x4c\x1f\x8a\x4d\x09\xe3\xd8\x1d\x8a"
	"\x6e\x6e\x95\x54\x32\x3f\x7d\xfc\xd8\x55\x02\x09\xd0\xac\x5b\x46"
	"\xe0\x44\x3d\xe3\x13\x4a\xb2\xf2\x79\x1a\x79\x43\x57\xba\x7a\xff"
	"\xcd\x1c\x66\x7d\xc3\x46\xab\x64\xda\x28\x38\xf6\xcf\x9e\xb5\x2f"
	"\x4f\x09\x4e\x2c\xc8\x99\x7a\xa6\x3b\xb8\x35\xc6\x83\x59\x5d\x21"
	"\xb0\xab\x07\x20\x58\xa8\x45\xb6\x74\xc6\x46\xae\xad\xd9\x07\xa1"
	"\x2a\x30\xae\x07\x68\x5c\xb1\x50\x93\xe8\xcd\x90\xea\x12\x99\x6b"
	"\xf6\xc0\x5f\x7e\xc0\x1c\x49\x6f\xa7\x49\xe6\x90\xa0\x21\x3a\x86"
	"\x16\x47\xdc\xac\x3a\x90\x5b\x13\x44\xc3\x38\x34\x41\x61\xbe\x27"
	"\xe3\x40\xf7\x6d\x61\xa6\xe1\xc3\xa6\x83\x42\xd0\x0d\x0e\x88\x20"
	"\xa2\xa0\x21\x7a\x14\xbd\x32\xd3\x10\xa5\x2b\xa9\x3e\x8e\x71\x6a"
	"\x4b\x62\x4c\xfe\x53\xe4\xe1\xf1\x28\x0a\x98\x6c\x2a\x63\x8a\x6b"
	"\x1f\x02\x82\x92\x3a\x77\xea\xc0\x5a\xe0\x95\xf2\xee\x28\x00\x68"
	"\xc1\x11\x0b\x4e\x9d\xed\x37\x16\xf9\xe3\x73\xf9\xc4\xeb\xee\xf0"
	"\x34\xe9\xd5\xeb\x04\xab\xbf\x7f\x7b\xff\xf6\xe9\xdb\x97\x7e\xa6"
	"\x8d\x95\x8b\xb5\x9e\x32\x13\x8b\x6c\x48\x85\xf8\x83\x3a\x4a\xe2"
	"\x34\x0c\x98\xdd\xb0\x82\x6e\xe2\x76\x81\xd2\x67\xeb\xf9\x4a\x1b"
	"\x7b\x5d\x82\x5f\x7a\xdb\x50\xff\xd7\x1c\xb1\x5d\x99\x09\xd1\xf3"
	"\x22\xe9\x28\x98\xf3\x2d\xad\xa5\x6f\x53\x3f\x91\xb8\xa8\x8a\xf2"
	"\xf0\xe9\xcb\x9b\x89\x4b\x35\x67\xd7\x21\x63\x5a\x30\x70\x95\xf7"
	"\xa8\x25\x51\xf7\x73\x9c\x1b\x4a\x2b\xd0\x42\xa0\xe9\x5a\xb9\xd6"
	"\xe4\x57\x08\x54\xfd\xf2\xfe\xed\xfb\x9c\x0b\x95\xb5\xaa\xe7\xb7"
	"\x4f\xff\x3d\x17\x6b\x14\xa9\x8b\xd6\xbb\x9d\x2a\xbd\xd2\xc6\xaa"
	"\xe3\xf7\x14\xc6\x77\xc2\x03\xd8\xf8\x97\x54\x5e\xaa\x46\x3f\xc2"
	"\xd6\x52\xb5\x90\x84\xd7\xe0\x95\x7d\xf4\xb0\xe2\xe5\xf3\xe7\x37"
	"\x78\x6e\xa1\x4e\x34\xfd\xb5\x1f\xff\x39\xfa\x8e\x61\xc9\x47\x4f"
	"\x7f\x59\x69\x24\xa0\x11\x40\xfd\x6b\x1e\x55\xf9\x46\x98\x84\x79"
	"\xf6\x71\xf9\x3d\x0d\x18\x5a\x2f\x9d\xa7\x75\xbc\x14\x8b\x9d\x17"
	"\x24\x54\x3b\x11\x91\xf2\x0a\x69\xa3\xf5\xc2\x75\x69\x79\xfd\x90"
	"\xb0\x03\xe7\x0d\xf5\xab\x9f\x76\x8b\xcd\xca\xdf\x06\xc0\xec\xfc"
	"\x18\x56\x3f\xad\x16\xd1\x3e\x84\x09\x7e\x4b\x63\xb6\x7e\x8c\x6a"
	"\xca\x6e\x83\x68\xaf\xc6\x98\x7d\x08\x03\xaf\x80\xa3\x75\xb0\x9c"
	"\xf6\x8e\xfa\xec\x91\x47\x01\x16\x66\x7f\x47\x39\xfb\x7b\xca\xd9"
	"\x79\x06\x5a\xef\xfa\x7a\x0f\x82\xfd\xc7\x35\xe6\x06\x21\x12\x83"
	"\xf0\x4f\xab\x8c\xef\x56\xfe\x1e\x7a\xac\x4a\xe2\x05\x14\x4c\x56"
	"\x9e\xfa\x16\xe4\x50\xd9\x97\xc5\x03\x25\x51\x7c\x01\xf1\x2f\x2f"
	"\x91\x9e\x12\x12\x6a\xc1\x64\xae\x0c\xcb\x5b\x6d\x63\x96\x63\x96"
	"\x3e\x41\xab\x93\x20\x3c\xc2\x2d\xdc\xee\x28\xfe\x70\x2f\x7d\x4c"
	"\xb2\xb0\xe6\x69\xea\x0c\xd0\x6c\x11\xd3\xbd\x72\x94\xcf\xc4\xcb"
	"\xba\x6a\x60\x4c\x74\xf2\xdf\x5f\xfe\xf8\x43\x49\x6d\x3a\x9b\x83"
	"\x5b\xd5\xf9\xb6\xab\xd6\xf8\xbd\x71\xdf\x05\xd5\xd7\x2b\x2d\x9c"
	"\x9e\x5d\x48\x9d\xe0\xe4\x5c\xc2\xff\xb0\x0b\x0b\x0d\xb9\x6e\x8e"
	"\x3e\x89\xcf\x20\x1b\x94\xb9\xd2\xf4\x63\x71\xc9\x70\x2a\x4f\x76"
	"\x1b\x81\x18\xb5\x18\x80\x3a\x35\x10\xb1\xca\x5c\xa7\x15\x0b\xc4"
	"\xf4\x70\x18\x84\x14\xb1\xa3\xd0\xf4\x16\x1a\xea\x21\xbb\x05\x2b"
	"\x90\xce\x75\xab\x5f\xff\xfc\x43\x1d\x5e\xae\x51\xf4\x3d\xc0\xea"
	"\x01\xa5\xa7\x59\xfa\x49\xcf\x62\x11\x00\xc4\x9e\x8e\xd3\xda\xb0"
	"\xa5\x17\x00\x97\xf8\x1e\x80\xac\x59\x1a\xef\xa2\xf9\x05\x19\xcf"
	"\xb3\x79\xf3\x7b\x75\x14\x0b\x75\x4c\x22\x77\xad\xb7\x56\xac\xd3"
	"\x6e\xa2\x91\x0d\x77\x00\x51\x83\x42\x02\x98\x1a\xab\x81\x2c\x5d"
	"\xc6\x51\xeb\xe4\x40\x03\x95\x54\x6b\x30\xda\xac\xbc\xbd\x0f\x11"
	"\xa0\xda\xd0\x00\x7a\x66\x26\x4f\x97\xcb\xdd\xce\x33\xc2\x35\x13"
	"\x15\x12\x19\xcd\xcc\xcd\x86\x44\x2b\x24\x0c\xb1\xa0\xbd\xd2\x24"
	"\x3b\xcf\x15\xf6\x20\x4e\xe3\xed\xbf\xb8\xeb\x6c\xac\x7e\xc8\xd9"
	"\x75\xeb\x62\x68\xfa\x35\xa4\xb5\xcf\xdf\x92\xf5\x93\x77\x21\x13"
	"\x4f\xd1\x06\x87\xee\x25\x53\x10\xfc\x53\x62\xb7\x4a\x63\x30\x47"
	"\xae\x28\xc7\x18\x7d\x62\xd6\xc8\x3e\x31\x06\x16\x32\x8d\xf7\xeb"
	"\xd8\xdf\x07\x43\x00\x35\x67\x09\x8e\x6a\x3b\x50\x7a\x5b\x1a\xf1"
	"\xae\x23\x92\xd9\xd1\xb0\xe2\x0d\xd5\x24\x55\x79\x8e\x39\xc1\x07"
	"\x4c\x43\x75\x58\xc7\x69\xa0\x34\xab\x50\x71\xaa\xeb\xe2\x79\xfe"
	"\x31\x93\xee\x11\x7c\x6a\xf0\xe8\x05\x50\x34\x54\x09\x9c\x2e\x24"
	"\x4b\xbb\x84\x48\x75\x98\x3d\x23\xfe\x8f\x84\xf4\x14\x03\xd7\x1e"
	"\xe0\x55\x0d\xf6\x5a\xec\x14\xe8\x8b\xef\x32\x11\x6f\x91\xd5\x66"
	"\x41\xee\x28\x25\xf6\x42\x0a\x7a\xa8\x3a\x7a\x5e\x7a\x41\x22\x11"
	"\xde\x16\x61\xf4\x21\x76\x16\x46\x1f\xca\x4f\x9e\x62\x34\x72\xe4"
	"\x80\x01\x03\xf5\xed\xc4\xf1\x29\x06\x8a\xbd\xb5\x65\xa2\x06\x90"
	"\x17\xa3\x0a\xda\xed\x17\x4b\x2f\xa6\xa8\x77\x5b\xc4\xf0\x7f\x80"
	"\xa0\xfb\xc3\xed\x3b\xba\x87\xfc\xdf\x91\xe9\x72\xb3\x8e\xbc\x98"
	"\x8c\x4a\xad\x67\xd6\x3d\xb0\xda\x20\x77\x1a\x03\xda\xb0\xdc\x3c"
	"\x49\xbc\x28\x35\x2a\xab\x68\xdd\x86\x31\x98\x37\x84\x11\x26\x5e"
	"\x6f\x83\x98\x2d\x72\xd1\x33\xc2\xac\x77\x81\x6f\xa9\x46\x2d\x57"
	"\x5b\xef\x1c\x39\x90\xd3\x81\x9a\xad\x71\xe5\x5f\x3e\x8d\x5c\x2f"
	"\x96\xfe\x39\xd0\xc8\xfd\x6a\xbd\x9e\x9d\x59\x4f\x3f\x5f\xbe\x7c"
	"\xfa\xf6\xfb\xef\x0f\xf2\xf5\xd3\x6f\x5f\xbf\x7d\xf9\xf6\xeb\xdb"
	"\xeb\x8f\xbf\x3d\xb0\xaf\x9f\xfe\x53\x5b\x41\xfd\xfa\xfa\x5d\xab"
	"\x11\xf2\x9f\xaf\x5f\x1e\x0e\x2f\x3f\x7f\x7d\x75\x29\x4c\xb4\xfd"
	"\xaa\x6a\x51\x8c\x47\x78\x57\xd4\xb5\x97\x5a\x60\x06\xf9\x8a\x16"
	"\x2d\x77\xed\xd0\x12\x1c\xb3\x5f\xf4\x98\xae\x3e\xf1\xba\xab\xc5"
	"\x33\x8e\x5d\x47\xe6\x29\x40\xa8\xcc\xf5\xda\xa8\xb6\xbc\x48\xdd"
	"\x84\xa7\xb2\x3a\x57\x9e\x26\xe6\x7a\x7b\x5e\x86\x00\x2b\xcf\x17"
	"\x10\x5d\x58\xb1\x89\xa2\xc8\xd7\x2f\x3b\x57\xed\xaf\xe6\x12\x7c"
	"\x12\xe5\x01\x12\x06\x0d\xfc\x44\x81\x6a\xcc\xb8\x5e\xde\x95\x80"
	"\xe5\x36\xfe\x32\x71\xd7\x49\xb6\x5d\x22\x2f\x6a\x46\x90\xd5\x3d"
	"\x90\x5d\x00\xc2\xe1\xe1\xe0\x1d\x98\xf5\x1d\x98\xcd\x1d\x98\x7d"
	"\x18\xb3\x0c\xd6\x67\x1f\xaf\x16\x01\x8c\x54\x3d\x18\xc6\xac\xee"
	"\xc2\x44\x61\xcc\x26\x0e\x63\xb6\x77\x7c\x6b\x1b\xe8\x67\x91\x6e"
	"\x37\xa1\xf1\x12\x35\x45\xdc\x49\x5c\x21\xb2\xad\xfd\x85\x64\x62"
	"\x13\x2f\x02\x88\x28\x54\x13\xb6\x7e\x04\xf3\x42\x2f\x26\xdf\x46"
	"\xbb\xc5\x3a\x0f\x62\x76\x71\x7e\x08\x80\xd6\xcb\xed\x5a\xf8\x31"
	"\x52\x48\x7a\x92\x04\x0b\xa3\x38\xe0\x0e\xc5\x3a\xda\xa1\x16\x84"
	"\x57\x4c\xbc\x08\x61\xb6\x9b\x05\x09\x21\xfc\x33\xa7\xbf\x61\x2e"
	"\xbd\xa0\x23\x3b\x6e\xa2\xa5\x7f\xbc\x18\xa8\x3c\x2e\x58\x6c\xbb"
	"\x2b\x4a\xee\xb6\x5e\xc0\x87\x74\xe5\xaf\xb0\xe2\x8a\x9b\x28\x0e"
	"\x4c\x9e\x82\x95\x94\x60\x41\x42\x06\x8c\x3e\xb7\xd7\x61\xcc\x7e"
	"\x11\xc2\x28\xe6\x26\x0a\x62\xe2\x68\x1d\xc6\xc4\x71\x18\xb3\xba"
	"\xa3\x9c\xcd\xe2\x0e\x8c\xbf\xce\xfa\x1d\x67\x14\xc6\x6c\x16\x9b"
	"\x75\x18\x14\xed\xc3\x98\xcd\x2e\x88\xd9\x6f\x43\x90\x65\xb4\x0d"
	"\x74\xa2\x02\x6d\x42\x5b\x8b\xc6\x2c\xf7\x61\xcc\xea\x8e\x6f\xad"
	"\x17\x61\xcc\x5d\x0d\x0b\xcc\x44\x9e\xd6\xcb\xd0\x69\x2b\x53\xec"
	"\xcd\xdd\xed\x9c\x48\x51\xb3\xdd\x7e\xf6\xf0\xcd\x32\x00\x08\x9c"
	"\x45\x0a\x10\x2c\x61\x1d\x02\x6c\x43\x80\x5d\x00\xb0\x0b\x55\x72"
	"\x17\xaa\xe4\x2e\x54\xc9\x5d\xa8\x92\xa1\xcd\x45\xf1\x22\x21\x40"
	"\xa8\x92\xfb\x75\xbc\x5c\x85\x31\xab\xe8\x0e\x8c\xbf\xbd\x75\xba"
	"\xdb\x2e\x03\x5b\x0f\x60\x56\xb1\xbf\x5b\x4a\x09\xb6\x3f\xb4\xe1"
	"\x4c\x48\xd4\x22\xba\x87\xa6\x52\xed\x1b\xcb\x20\x66\x1b\x98\x4f"
	"\x0a\xb3\xdd\x2d\xe2\x20\x66\xbf\xf0\x77\x65\x59\x6b\xb7\xf1\x81"
	"\x2e\xc8\x77\xeb\x3d\xa2\x6e\xe4\x98\x3d\xcc\x35\xf7\x85\x07\x0f"
	"\x6c\x71\x94\x81\xd3\x46\x21\x02\x3b\x85\x42\x2c\xff\x0c\x21\xd2"
	"\x40\x19\x1e\xf3\xc2\x2b\xa3\xc7\x69\xb4\x5d\xfa\x27\x04\xe5\xa9"
	"\x47\xe5\x7b\xc5\xc4\x51\x18\xb3\xb9\xc4\x8b\x40\xa5\xb9\x48\x57"
	"\x5b\x7e\x1f\x28\xb0\x3c\x0d\x2c\x59\x06\xb6\x77\x91\x1e\xd7\x9b"
	"\xf8\x0e\xcc\xd2\x2f\x03\x09\x29\xc5\x76\x1d\xaa\x39\xdf\x6c\x42"
	"\xe2\x56\x1a\xc5\xbb\x6c\x17\x94\xee\x44\xb4\x88\x42\x45\x89\xed"
	"\x2e\xde\x85\x31\xdb\x80\xd4\xa1\x46\x6e\x17\x92\x07\x4a\x12\x2f"
	"\xf6\x41\x48\x60\x75\x2a\xc8\x32\x0e\x9e\xa2\x5b\xff\x36\x20\x8f"
	"\x3c\x0d\x1c\xfb\x92\xd7\xd1\xff\x23\xed\xda\x9a\x23\xc5\x95\xf4"
	"\x5f\xf1\xd3\xc6\x4c\xec\x39\x31\xdc\xa1\x36\x62\x1e\x54\x08\xaa"
	"\x68\x73\x33\x02\x0a\xf7\x0b\xe1\xb1\xab\x67\x1c\xe1\xb6\x3b\x6c"
	"\xf7\xee\xcc\xbf\x5f\xa5\x80\x2a\x6e\x29\xb1\xb1\x0f\xed\xb6\x95"
	"\x1f\xa9\x5b\x4a\x4a\x49\xa9\x4c\xc5\x84\x23\x20\xa6\x1a\xe2\xa9"
	"\x20\x96\x42\xe4\x01\xa2\xa8\x72\x1d\x11\xc7\x73\xe4\xbb\x8d\xba"
	"\xd4\x0d\x85\xc6\x58\x97\xe0\x57\x5a\x0a\x39\x79\xa6\xeb\x9a\x07"
	"\x25\xc6\xd3\xa9\x12\xb3\xdb\x82\x31\x36\x60\x4c\x35\xc4\x56\x41"
	"\x62\xd7\xb3\x4b\xb6\x01\xe5\xa4\xca\xda\xf3\xd9\xe2\x18\x6e\x00"
	"\x05\xc7\xb5\xd8\xae\x62\x71\x25\x23\xa3\xa1\x3e\x01\xa2\x72\x97"
	"\x11\x38\xf6\x62\x4b\x5a\x90\x04\xc5\x21\x48\xe1\x85\x64\x7f\xcb"
	"\xd2\xd2\x20\x26\xf7\x6d\xc2\x7e\xd7\xe6\xe0\xe1\xd8\x6a\x96\x9c"
	"\x85\xcb\xb4\x53\x11\x09\x4f\x5b\x10\x2c\x26\x5f\xc9\x97\x06\x9d"
	"\x05\xf4\x21\xab\x21\x68\x44\xde\x9e\x22\x16\x4c\x03\x04\x2f\x81"
	"\x21\x89\x0a\xbe\x40\x61\xb6\x91\x6b\x9f\xc0\x43\xd4\xce\x45\xdc"
	"\xe6\x4f\xfa\xcb\x41\x70\x0a\x4c\x30\x4d\x65\xf8\x0e\x2f\xd5\x0a"
	"\x50\x5a\x4f\x00\x80\xe1\x68\x3b\xb7\x1e\x5d\xc1\x5d\x2b\xb5\x6c"
	"\x58\xa0\xc7\xd9\xa9\xb3\x07\x61\x58\x4e\x92\x3a\x0e\x47\xd8\x79"
	"\x35\x92\xa8\xeb\xc9\x36\x18\xbe\x0d\x84\x95\xcf\x68\x50\x87\x45"
	"\x70\xb7\xf6\xe9\x55\xe4\x64\x1e\x90\xef\xb2\x22\xba\x5b\xcb\x40"
	"\x9c\x79\x12\x3f\x8f\x6e\xa2\xb4\x34\x2d\xad\x01\x2b\xba\xf7\xef"
	"\x93\x17\xb1\xe3\x38\x7a\xc2\xaa\x08\xe2\x63\x43\xe8\xf8\x22\x99"
	"\x06\x2d\xbe\xde\xd8\xe1\x55\x19\xca\x5b\xc2\xe0\x1b\x4c\x5f\x2e"
	"\x47\xf7\xcb\xcc\xa7\x61\xfc\xc4\x57\x2b\x5c\xc1\xad\x84\xc8\x37"
	"\xb9\xf6\x1d\xa4\x81\xbb\xea\x0a\x06\xab\x18\xe9\x53\x9a\xf0\xed"
	"\xbc\x92\xbe\xf7\x63\x61\x15\x65\x2f\x93\xe1\x55\x7f\xf7\x6e\x6e"
	"\xc9\xca\xcf\x32\x78\x83\xba\x08\x95\x05\xf4\xa1\xd2\x9d\xf8\xb4"
	"\xd4\xaf\xd9\x14\x40\xb2\x1c\xde\x14\x2d\x99\x8c\x22\xcc\x0c\xfe"
	"\x1a\xa6\x98\xf5\x3b\x40\x96\x74\xd5\xe0\x1d\x92\xf3\xbc\xe1\xf9"
	"\x64\x19\x23\xed\x06\x32\x19\x41\x14\xbf\x32\x90\x56\x22\x4e\x8e"
	"\x02\x5b\x53\x2a\xc7\x75\x95\x8c\xa0\x6d\x39\x47\xca\xf2\x29\xdd"
	"\x6f\xda\x28\x0f\xc8\x2d\xca\xe4\x44\x4a\xff\x48\xb3\xc3\x32\x65"
	"\xf1\xc6\xf8\x42\x48\xb3\x13\xb9\xcf\xaa\xb5\x4b\xf3\x0b\xa6\x7b"
	"\xc2\x29\x5e\xdd\xf5\x4f\xf4\xe8\x2a\x2f\x61\x95\xb5\x18\x24\xa7"
	"\x87\xcf\xc7\xbf\x9e\xde\xfe\x44\x7d\x32\xb3\x2c\x2c\xc7\x65\x9f"
	"\x9a\x62\x0c\x04\x59\x04\x1e\x29\xe6\x6b\x14\x15\x70\x7b\x23\x05"
	"\x89\x37\xe1\xb9\xa7\xd9\x1b\x60\x7b\x46\xe4\xa8\xde\xa8\x5e\x0e"
	"\xa2\x27\x39\x1d\x8e\x6c\xcc\x46\x51\x37\x31\xb6\x4f\x74\xdd\x52"
	"\x83\x70\x81\x72\xb9\xf6\x8c\x02\x22\xc7\xd4\xb4\x80\xed\x51\x40"
	"\x02\x2e\x14\x8d\x05\x83\xc1\x1c\xe9\xdf\x7f\x3c\x7c\x9c\x9f\xae"
	"\x1d\xec\x3f\xbc\x3f\x4d\xa6\x1e\xf0\x39\xe1\x4b\x2b\xc0\x39\xcf"
	"\x1e\x33\x0d\x66\x34\x4a\xe6\x1c\xb3\xce\x7c\x2a\x75\xf9\xfb\xf9"
	"\xf3\xf9\xfb\xf9\xed\xe7\xe7\xcd\xe1\x8d\x0b\xde\xeb\xdb\xdc\x71"
	"\x7c\x2f\xbd\x79\x11\x80\x71\x74\x56\x89\x75\x77\xcd\x8e\x1d\x7c"
	"\x79\x66\x8c\x45\x5d\xbc\x96\xab\x36\x34\x7d\x42\x73\x8d\xdd\x46"
	"\x56\xe1\x40\x58\x9a\x7d\xc1\x2b\xd2\x6f\x3f\x5f\x1f\xc1\x06\x7b"
	"\x19\xae\x6e\xe8\x8f\x90\x2e\x46\x32\xa4\x11\xbf\xf4\x76\x96\xbd"
	"\xae\x39\x0b\x00\x33\x5d\x44\x6b\x1e\xc8\xc8\x89\x66\x67\x88\x0f"
	"\x06\x77\xc8\x79\xb8\xf8\x9e\x94\x86\xe7\x6a\x92\x30\xd5\x00\x12"
	"\x5e\x9c\xc2\x38\x68\x66\xaf\xaf\x57\x50\xc7\xd8\x47\x5c\x86\x02"
	"\x86\xb7\xa0\xbd\xd3\x90\x3d\x96\x00\xd0\x9d\xed\xea\xc9\xa9\xc6"
	"\xb3\x69\x72\x43\xc3\xdd\xc5\x89\x86\x2e\xe0\xfd\x14\x4e\x4f\xe0"
	"\xfd\x31\xc1\x1b\x8d\x92\x9d\x66\xe2\x65\x04\xb2\x6d\xa0\x8f\x63"
	"\x46\x10\x59\x21\x05\xc4\x96\x92\x91\xdb\x99\x0b\xd9\x94\x91\x31"
	"\x77\x5a\x82\x1c\xa7\x38\xeb\xc4\xd7\x21\x00\xb2\xb4\x7e\x03\x46"
	"\x56\xc1\x63\xe4\xf0\x6d\x23\x6e\x6d\x7d\x2c\xe1\xd9\x1c\x8b\x7c"
	"\x13\x25\x73\xf6\xb3\xc7\xc2\x57\x77\x2c\x39\x27\x23\x2f\x5f\x81"
	"\x86\xbd\x8a\x85\x92\x7d\x21\xe9\xd7\xd6\x4f\x32\x2c\x84\x3c\x60"
	"\x6e\xb9\xc2\x87\x64\x0d\x64\xcf\xcb\x13\x4f\xd3\x14\x74\x5b\x4e"
	"\x77\xb4\x46\x22\xa3\x8d\x6e\xd9\xc8\x31\x76\x0f\x70\x5d\x47\x32"
	"\xb4\x3b\x80\xe7\x28\x00\x3b\x53\x0e\xf0\x2c\x29\xc0\xdb\x69\xae"
	"\x9c\x6e\xd8\x72\xfa\x4e\xf1\xfd\xce\xc3\xe9\xa5\x63\xca\x3e\x0f"
	"\xd2\xd0\xd0\xf7\xc9\xba\xfc\x05\x5f\xc5\xe3\xf8\x1c\x9f\x46\xa4"
	"\xd4\x9a\x6b\x74\x85\xf0\x46\x80\x42\xf8\xb2\x54\xa1\xc4\xdc\x0f"
	"\x6d\x3e\x84\xcd\x35\x8f\x0c\x9c\x2c\x1e\x95\xce\x9e\x32\x40\xba"
	"\xd0\x1b\x8a\x3c\x41\x3e\x5b\x7d\x02\x21\xca\xb2\x34\xfb\x9d\xd2"
	"\x71\x23\x24\x41\xf6\xed\xd2\xf6\x24\xf4\x5b\x4f\xc3\xfb\xa9\x48"
	"\xed\xd2\xd1\x71\x3a\x18\xe6\x4a\x57\x20\x16\x59\xae\xd3\x28\x30"
	"\x89\xad\xe1\x0b\x25\xbb\xbd\xf7\xf8\x80\x32\x24\x9f\x23\x8f\xc0"
	"\xc8\xbe\xb1\x35\xc5\x0a\xc9\xca\x24\x0f\xb0\x2e\x59\x98\xa6\x42"
	"\x6a\x9c\x9b\x3b\xc9\xc8\x02\xa3\x3f\x0f\x6f\x30\xb1\x37\x91\xc8"
	"\x16\x89\x13\x24\x60\x14\x38\xcc\xd4\x35\xc4\xdc\xae\xf3\xa6\x89"
	"\xf9\xb1\x96\xb9\xda\x14\x85\x12\x00\xc9\x84\xd3\x01\x76\x9a\x1c"
	"\x60\xe8\xae\xb4\xde\xbc\x65\x24\x8b\x73\x8f\xb0\x1d\x5b\x95\x8b"
	"\x27\x07\x78\x8e\xa2\xa6\x3b\x5d\x53\x01\xe4\x1a\xc0\x05\x24\x5b"
	"\x69\x39\x88\xaf\x33\xc8\xa1\x68\x79\x8a\x2d\xcd\x94\xc8\x26\x07"
	"\x38\x9a\xa5\x10\xde\x53\xac\x1b\xae\x29\xc7\xc4\x89\x69\x4b\xa6"
	"\x87\xd2\x37\x6d\x6f\x87\x37\x58\xdd\x78\x12\x5d\x87\x14\xd1\xd7"
	"\x2c\x25\xd2\xc6\x1a\x30\xb2\xb6\x3a\x25\x9e\x25\x59\x93\x39\xd9"
	"\xd4\xe5\x3a\x4b\x0f\x51\x64\x62\xda\x9a\x8a\x0b\xf6\xea\x4d\xcc"
	"\x86\xc2\x77\x2c\x75\xf5\xd9\x93\x0f\xb1\x9d\x28\xce\xdd\xde\xe1"
	"\x86\x6b\x4d\xfd\x6f\x8f\x6f\xaf\xdf\x9e\xff\x9c\x7a\x33\x0a\x24"
	"\xbe\x8c\x44\x74\xa5\x0b\xa4\xcd\xcb\xd4\xe4\xc3\xce\xd8\x84\x65"
	"\xb6\xee\xac\x85\x3e\xba\x9c\xc5\xac\x1f\xd0\x60\xaf\xec\xaf\x88"
	"\x2e\xe0\x73\x9d\xc5\x25\x39\x20\xa7\x3c\xc3\xc9\x15\x78\x21\xab"
	"\xb0\x77\xbb\x57\x38\x1c\x5e\x8a\xb3\xcb\xd5\x0f\x16\xf0\xbc\xc8"
	"\x9a\xfb\x0b\x74\xbd\x04\x5c\x2b\x3b\x60\xe3\xfe\x8a\x82\x3d\x9b"
	"\x87\xcc\x2f\x23\x14\xb5\x4d\x44\x75\x19\x81\x52\xfe\x5f\xae\x00"
	"\x71\x65\xde\x40\xe6\x9a\x19\x48\x57\x80\x42\x92\xda\xa6\x6d\xab"
	"\x8a\x8e\x9a\x93\x5f\x21\x11\x8b\x77\xa6\x66\xab\x51\x8e\xe1\xea"
	"\x44\x01\x83\xb5\xd0\xd5\xb7\x80\x0c\x25\xc8\x73\x8d\x66\x03\x48"
	"\xd9\x06\x71\x37\xa5\x6d\x40\x39\xae\xa3\x40\x81\x2e\x6f\x7b\x1b"
	"\x50\x9e\x63\xed\xb6\xa0\x1c\x6d\x03\x6a\x67\x1b\x5b\x50\x88\xad"
	"\xcd\x08\xc5\x95\x6c\xa5\x64\xe5\x61\xf5\x35\xc0\x5c\x2e\x8e\x60"
	"\xb5\xe7\x69\xce\x26\x94\xb7\x09\xb5\x53\xa2\x4e\x89\x74\x5a\x18"
	"\xf4\xe9\xe3\xf5\xe8\x75\x46\x9c\x3a\x41\x18\x11\xc1\xaa\x9b\x24"
	"\xd9\xec\x4c\x75\x06\x88\xc9\x3e\xda\xef\xe5\x45\x10\x38\x9f\xee"
	"\x25\x6c\x20\x97\xbd\xa2\xaa\x8c\x6b\xb8\x9a\xa3\x1a\x6c\xa5\x98"
	"\xe3\x4d\x43\x0d\x73\x0c\x53\xd9\x55\x9d\x4a\x67\x98\x9b\x60\x6e"
	"\xb3\x05\xa6\x6f\x2a\x9b\x6d\x58\x2a\x6e\x35\xea\xa7\x60\x24\xdc"
	"\x41\xc2\xe7\x73\x5f\x81\xf2\xf3\xc2\x54\x43\x2c\x08\x46\xc1\xda"
	"\x98\x66\x6a\xec\xb1\xbd\xdd\x33\x26\x15\x8b\x22\x08\x0f\x41\xba"
	"\x2e\x13\xc2\x63\x67\xd8\xcc\xf3\x5a\xf2\xe8\x04\x7b\x4d\x58\x72"
	"\xf9\xb8\x00\xff\x3f\x6b\x52\x2f\x8e\x3d\xbc\x09\xcf\xe5\xde\xed"
	"\x72\x08\x4d\x23\x22\x5e\xc5\x65\x45\x39\xf1\xba\xf7\xfd\xfc\xf4"
	"\xfc\xc0\x15\x9b\xf7\x95\x38\x9c\xdd\x57\x3e\x49\xc0\xa7\xe7\xf5"
	"\xe3\xd1\xd1\x36\xd0\xbb\x58\x6e\x6d\x59\x0f\x10\x34\x7f\x70\x9e"
	"\x59\xc2\xf5\x5b\x8d\x73\x2b\x08\x3c\x9b\x5d\xe1\x34\xc3\x31\x5a"
	"\x6c\x40\xf9\x81\xaf\x2c\xd5\xd5\xb3\xe2\xb2\x34\x57\x5a\x4b\xeb"
	"\xb5\xb9\xa3\x8e\x68\x00\x6e\xdc\x47\xbe\x0d\xbb\xa4\xda\x8a\x0d"
	"\x88\x3d\x0e\xbe\x40\x49\x1e\xad\x91\xe7\x69\x84\xd6\x9d\xfa\x36"
	"\x27\x74\x1a\x5b\x12\xa5\x22\x44\x70\x7a\x08\x46\x17\x78\x22\x1f"
	"\x3e\x76\x0c\x18\x3f\x93\x72\xf0\x02\x2f\x0e\xba\x21\x2d\x99\xc5"
	"\x32\x1d\x91\xd2\x71\x10\x30\x81\x25\x0d\x2f\x16\xc9\x21\xf4\xf2"
	"\xef\xba\x33\x65\x04\x91\x8e\xe0\x90\x56\x14\x6c\x7d\x8f\x2b\x60"
	"\xc2\x25\x21\x0b\x7c\xb8\x20\x6e\xe3\x0c\x06\x26\x76\x9f\xc3\xe1"
	"\x55\x1c\x20\xde\x66\x12\x21\xaa\x2b\xb7\xb3\x5d\x5f\x89\x18\xe2"
	"\x4a\x89\x80\xf7\xdb\xb8\x44\xf0\xd6\xbc\xb8\x14\xe8\x2f\x5b\x27"
	"\x17\xee\x5d\x7f\xf8\x24\xe4\xaa\xae\x8f\x9c\xa6\x0e\x18\xdc\x29"
	"\x54\x87\xc0\xdc\x4e\x76\x54\xb1\xe0\xf1\xa1\xc7\x10\x43\x94\xcc"
	"\xef\x07\xa6\x84\xc7\xd2\x3b\xc0\xc5\x45\x10\xef\x8d\x62\x18\xda"
	"\x13\xb1\x07\x5f\x64\x11\xf5\x5b\xb3\x11\xa2\x85\xde\xf0\x4a\x32"
	"\xe7\xe4\xbd\x82\xde\xfa\x75\xbe\xe0\x3f\x22\xa7\x79\x35\x2f\xd5"
	"\x21\xce\xf6\x70\x99\x7e\xbf\x5a\x23\x21\xac\xf9\xdd\xe2\x4e\x7f"
	"\xe5\x39\x1e\x3d\x7f\xff\xf9\xf7\x70\x3d\xd4\xed\xe8\x46\x6e\x61"
	"\x3b\x3e\x9d\xd0\xce\xc6\x02\x4f\x4e\x2b\x2e\x16\x49\xd3\xdf\x1a"
	"\xb3\xdf\xad\x39\x80\x9d\x26\xf6\x11\x2c\x47\x1c\x67\x75\xc1\x45"
	"\xdb\x2c\x02\x73\xf0\x0a\x4e\xad\x90\xb5\x76\x40\x12\x08\x4a\x57"
	"\x61\x2e\xc4\x66\x20\xf0\x4c\x1d\xe3\x7e\xa8\x7a\x74\x11\x10\x3e"
	"\xad\x55\xab\x96\x12\x13\x0c\x18\xfc\xcc\xae\xeb\x7a\x72\x58\x64"
	"\xe0\x14\xb9\x42\xdc\xa4\x4c\x61\x65\x16\xaa\xcb\x33\x03\xad\x41"
	"\xee\xaa\x71\x40\xc2\x61\x79\x82\x7b\xf3\xb6\x36\xf0\x52\x06\x01"
	"\xdf\x78\x26\xd2\x12\xf0\x49\x0a\x5a\x4f\x22\xbb\x7d\x6e\xd7\xa9"
	"\x0f\x39\x9f\xe8\x71\x21\x18\xce\x16\x24\x59\x38\x05\xbb\x3a\xd5"
	"\x1f\xa0\xc7\x53\xbb\x07\x41\x22\xe5\x64\x40\x86\x31\x61\xc7\x96"
	"\x17\xab\x00\xdf\x57\x5f\x48\x8e\x98\x14\x0f\xcd\xc0\x92\xce\x83"
	"\x65\x5a\x4b\x9a\x11\x42\x09\x44\x2b\xa3\xff\xe0\xdb\x9a\x69\xf7"
	"\x86\x29\xeb\x2d\x65\xdf\x9a\xb1\x23\x43\x1c\x23\xdd\x34\xa5\x88"
	"\xa1\x14\x7d\x91\xb3\x32\xdf\x08\xe3\xcb\x91\x8f\x44\xd6\x5b\x01"
	"\x57\xa7\xad\x48\x21\x1f\xeb\x8e\x00\x7c\xcd\x48\xf4\x2d\x95\x81"
	"\x91\x5c\x54\xe0\x44\x9f\x59\x92\x96\xe7\xbd\x0c\xa6\x1a\x31\x49"
	"\xe9\xdc\x67\xfc\x30\x86\xfd\xb2\xea\xce\x11\x4e\x3b\xec\x24\x7f"
	"\x15\x8b\x1c\xd6\x2e\xb0\x21\xdc\x43\xaf\x9d\x2c\x25\x7e\x7c\xdb"
	"\x3b\x7c\x8c\xc9\xc4\xa9\xc2\x94\xd2\x86\xa0\x39\x93\xa4\x33\x39"
	"\xa3\xd9\x29\x5d\x33\x36\xeb\x9a\x57\x28\x0f\x7c\x19\x15\x23\x65"
	"\x45\xd4\x44\x8f\x8a\x4e\xa0\xf4\x12\x39\x01\xd5\xb3\x84\xb2\x23"
	"\x7e\xdd\x57\xa1\xb1\xd0\x6e\x60\xf5\xbe\xa8\x42\xdd\xe2\xbd\xbe"
	"\x3a\x72\x9c\x70\xdd\x20\x03\xc1\x8c\x3e\x57\x05\xfe\x4f\xcf\xbe"
	"\xd7\xd7\x99\xff\xcf\x67\xbd\x13\xf3\xf3\xd3\x4d\x92\xf8\xbf\x31"
	"\xb8\x34\xed\xfd\xa5\x4e\x9f\x0f\x27\xac\x05\x22\x04\x62\x59\x9f"
	"\x2b\xee\xf3\x22\xe0\x6a\x58\x18\x15\xc9\x69\xdd\xc8\x71\xd1\xc8"
	"\x8b\xf4\x5e\x83\x1d\x69\x66\x0f\xaf\x8f\xcf\x2f\x2f\x0f\xef\xff"
	"\x5c\xdd\x01\x7f\xfe\x7c\xe5\xff\xff\x8b\x73\x7e\xfd\x78\x83\x5f"
	"\x9e\x8d\x47\xfe\xd7\x8f\xe7\x7f\xdd\x7c\x7b\x7f\x7b\xfd\x3c\xbf"
	"\x3e\x7d\xfc\x3a\xdf\x70\x80\xd6\x5c\xd4\x42\x1a\x58\x10\x73\x4d"
	"\x65\xe4\x58\xbd\xdb\x71\x94\x25\xf1\x8f\x43\xe6\xe4\xe7\xd3\xf3"
	"\x1b\x6f\xb0\xc7\xb7\x27\x91\xd7\x8f\xf7\xb7\xc7\xf3\x07\x64\x27"
	"\x5e\xdc\x7f\x7f\xfe\x7b\xe4\x00\xa8\xa0\xec\x02\x1d\xd2\xea\xe7"
	"\xa7\xf3\x1b\x92\x0a\x1c\x1e\x26\x19\x4c\xe9\xe7\xd7\x69\xaa\xff"
	"\xf0\xfd\xfc\xfe\xd0\xd7\x77\xe4\xfd\x5e\x10\xc3\x97\x87\x8f\xbf"
	"\xe6\x89\x1d\x9f\xe7\xef\xbc\xd8\xff\x7d\xfe\x7e\x7e\xfd\xbc\x01"
	"\x3f\xc9\x17\xb2\xa8\xdd\x6f\x1d\x88\x8b\xcc\x8f\x77\x5e\x35\x30"
	"\x6f\x99\x80\xf8\x66\xe8\x46\x34\xf5\x34\x39\x79\xfe\x78\x3c\xf3"
	"\x1e\x79\x3d\xbf\x81\x07\xee\xf3\xcb\x8f\x39\x82\x75\xfd\x72\xf3"
	"\x13\xcc\x84\x38\xd7\x8f\xb7\xc7\xf6\xb1\xab\x42\xd7\x87\x17\x56"
	"\xa2\x87\xe1\x34\x9e\xac\x48\x9c\xdf\x50\xc3\xf3\xb4\xce\xdb\x69"
	"\x51\xa3\x5b\xad\xb2\x4a\xc7\xd6\x8b\xa3\x44\x70\x31\xdc\xe9\x18"
	"\x2b\xb4\x92\x12\xcf\xd8\x69\x12\xa2\xdb\xa0\x44\x9d\x53\x75\x94"
	"\xba\xf3\x3c\x77\x9d\x98\x94\x86\xd6\x20\x6c\x1b\xdf\xd0\x0c\x0f"
	"\xa3\x41\xb4\x4c\x8c\x66\xa1\xb4\xc4\xb7\x2c\xe6\x69\xe6\x64\x77"
	"\xfe\xf1\xc9\x05\xf0\xe1\xfd\xe9\xe6\x97\x8f\x87\x4f\xde\x95\xcf"
	"\x9f\xe7\x5f\xaf\x23\xe7\xd2\x39\x53\xe8\xa3\xf0\x5d\xf9\x9f\x37"
	"\xbc\x97\xb8\xb4\x7c\x42\x8c\x98\x95\x8f\xf8\xfc\xf6\x6f\x26\xe7"
	"\x0b\x90\x92\x0f\x62\x25\x1f\xbf\xcf\x74\x85\x4c\x20\x2a\xe7\x2f"
	"\x29\x9f\xb6\xfe\xba\x21\x5c\xb0\x9e\x1f\x1f\x5e\x7f\xbb\x7d\x7b"
	"\x3f\x3f\xbc\xf2\xd9\xef\xc2\xf8\x37\x5f\x14\x9a\x96\xf5\x0a\x8f"
	"\x88\xd1\x0d\x05\x11\xa8\x69\x8d\xfe\x63\xe3\xa7\xf4\xf9\xcf\xe7"
	"\xcf\x87\x97\x71\x8b\xf1\xd1\xf0\xf2\x4f\x37\xa8\x3e\x7e\xcb\xe3"
	"\xf8\x32\x62\x02\x7f\x70\x63\x3f\x8c\xe4\x9b\x6f\x7c\xa8\x8b\xe6"
	"\xbc\xcc\x02\x7c\x6e\xe7\xa3\x29\xe2\xb9\xbc\x7f\x7b\xe0\xf3\xf8"
	"\x2f\x41\x6a\x6b\x86\xa1\xff\xba\xee\x02\x5f\x7c\x54\xbe\xbd\xbd"
	"\x7c\x80\x3b\x51\xce\xf6\xfc\xf2\xf6\xe3\xe6\xf5\xfc\x3f\xcb\xa2"
	"\x1e\xde\x1f\x7e\xfc\xf5\xfc\xf8\xb1\x3c\xad\xa9\x0f\xa4\x77\x05"
	"\x3b\x4d\x10\x9b\xf8\x43\x5e\x89\x0d\xfc\xb0\xb8\x15\x23\x5b\x65"
	"\xfe\x87\x58\x9e\x5b\xca\x26\x4b\x34\xa4\xd3\x9c\xcf\xc3\xcd\x10"
	"\xc0\x61\x7d\xa1\x04\x98\x70\x73\x81\x78\xe4\xbd\x02\xf8\x74\x1e"
	"\x22\x9a\x30\x80\x6e\xf9\xc2\xd5\x05\x1e\x98\x17\x23\x14\xe7\x28"
	"\x72\x33\x73\xc0\x81\xf6\xd0\xf2\x41\x45\x57\xd7\xb6\x79\xcd\xfc"
	"\xa9\x65\xda\xc5\x75\x5e\x3f\xa9\xdf\xf0\x6e\x9d\x4d\x9a\x13\x0e"
	"\x5d\x64\x0b\x57\x43\x42\x43\x0c\x10\x16\xc5\x98\xaf\xb6\x01\x92"
	"\x36\xb9\x98\x8c\x76\x5e\xb3\x0d\x87\x58\x94\x01\xee\x48\x63\x9f"
	"\xa2\xd4\x84\xc4\xbc\x9f\x23\xc6\x35\x9b\x7b\x14\x54\x10\xbe\xc8"
	"\xe3\x8d\x4c\x12\xca\xc5\x69\xcd\x90\xff\xe6\x97\x6e\x31\xf6\xdf"
	"\xf2\x61\x11\xfe\x15\xdc\x74\x73\x1d\xe6\xe7\xfb\x03\x98\x65\x5e"
	"\xa6\x85\x84\xde\xc4\xcf\x7f\xbc\x83\xb6\xf0\xfe\xf6\xf3\xf3\xf9"
	"\xf5\xbc\x68\xdf\x34\xab\xea\x80\x54\x68\x39\xea\x43\x80\x0b\x5c"
	"\xcd\x85\x09\x25\x56\x34\xc6\x6b\x87\xec\x9a\x45\xeb\x1d\xc8\xc1"
	"\xd0\xf0\xb6\xf7\xa3\xa2\xa8\x58\x7b\x17\x24\x78\xa9\x0b\x1f\x76"
	"\xdd\x27\xde\x4f\x48\xf0\xb1\x0b\x28\xae\x29\x5e\x85\xbb\x06\xaf"
	"\xc2\x3e\xf3\x8f\xf8\x97\xeb\x41\xaf\x80\xc2\xf7\x96\x41\x3c\xac"
	"\x3f\xf4\xf9\xe3\xc7\xcb\xc3\x3f\x37\x39\x57\x1f\x5e\x16\x7d\x23"
	"\xa0\xc2\x94\x1b\xf4\x62\x3e\x28\x63\x7c\xa4\x75\x58\x69\x6d\x3a"
	"\x48\xa7\x03\x28\x40\x11\x38\x38\xe2\xbb\x91\x78\x67\x22\xe6\xb6"
	"\x2b\xd8\x88\xaf\xf3\xba\xaf\x42\xa7\x69\x16\x43\xf4\x14\xcd\xdd"
	"\x7d\xf5\x89\x02\xfd\x85\x46\x6d\x5c\x6a\xae\x96\x04\x1a\x1a\x1f"
	"\x7b\x54\xb7\x7e\x1b\x16\xd3\x1d\xe6\xd3\x6c\xd4\x56\x1c\x77\xb0"
	"\x6c\xe4\x42\xf0\x8a\xcb\x8a\x88\x81\x1f\xb0\x23\xdf\x41\xc1\x6d"
	"\xc0\x4e\x55\x68\xfe\x93\xb0\x2c\x8d\xfc\xb6\xae\x1b\x5d\x0b\x35"
	"\xd3\x4a\x95\x45\x2f\x08\xcb\xf7\x41\x51\xdc\x83\xff\xf2\x6b\xa4"
	"\x5a\xe5\x57\xf7\x34\xaa\xb8\x28\x27\x8e\x67\x6c\x6e\x1e\xe6\x04"
	"\xe6\x91\x18\xdb\xd1\x8e\xf9\x45\x6b\x34\x73\xfb\x07\x1e\x21\xca"
	"\xc2\x04\xd1\x6d\xd6\x5a\xe6\xa9\x0e\xf5\x83\x0a\xcb\x57\xc6\xbc"
	"\x8d\xef\x74\x4d\x2f\x74\xd6\x20\x76\x6f\x0b\x3c\xd3\x2c\xb3\xd4"
	"\xe3\x40\x8d\x8f\xca\x82\x77\x58\xd3\xb2\xd2\x75\xbd\x5d\x8d\x0c"
	"\xdd\x2e\x38\xd5\x74\x4d\xef\x18\x5c\x28\x93\x51\x7d\x55\x4d\xf6"
	"\xef\xcf\x4f\x7f\x2e\x27\xdf\xee\x56\x87\xe7\x4b\xd2\xc6\xc5\x3c"
	"\xa2\x8a\x39\x8f\xa6\xe0\x05\x08\x9f\xcb\x68\x95\xec\x85\x2e\x42"
	"\x09\x3e\x02\x61\x76\x90\xc6\x4f\x15\x33\x17\x84\x28\x3b\x46\x39"
	"\x3c\xa0\xa6\x79\x03\x66\xcf\x87\xa0\xdd\x7b\xb6\x56\x9b\x6d\x78"
	"\x42\xbf\x83\x65\x13\x6c\x6f\x2c\x47\xd6\xf3\xb0\xea\xb5\x39\xf3"
	"\x1c\xc9\xb4\xc2\xd7\x72\xfe\x2f\xf2\x30\x6b\xdf\x0e\x13\xed\x34"
	"\xa3\x91\xd2\x31\x4f\x0f\x40\x2f\x8f\x51\x1a\xf0\x9f\xbe\x63\xf2"
	"\x56\xd1\x35\x43\x02\xcd\xd8\x31\xda\x93\xce\xe8\xcb\x75\x5c\x1c"
	"\xc8\x47\x6e\x98\x63\x6e\xae\x3a\xcd\x29\x2d\x61\xb8\xc6\xe5\xce"
	"\xd1\xf5\xaa\xf1\xa5\x8a\x08\xa1\xb5\x6b\xeb\xb8\xec\x92\xc2\xcf"
	"\x0f\xf8\x1a\x78\x8c\x58\xc4\x7f\x60\xf6\xc0\x17\xc8\x6d\x54\x44"
	"\xa9\xa4\x52\xe9\x3d\x2d\x70\x15\x20\x8f\x75\x49\x11\xbb\x78\x77"
	"\xb2\x95\x10\xa6\xd7\x20\x2d\x85\xc6\xd9\xde\x55\x51\x71\x7b\x79"
	"\x33\x18\xbe\xf3\x4d\xf2\xcd\x1f\x3f\xbf\x7d\x83\xe0\x23\xf3\xd8"
	"\xa6\xe1\xbe\xf5\x13\x0a\xce\x8d\xae\x03\x92\xa7\xa5\x59\x19\x85"
	"\xf7\xe3\xa4\xc9\x41\x6f\xaf\xb0\x0a\xf5\x75\xb5\xd4\x9c\x45\x98"
	"\x15\x41\x74\x48\xf9\x48\xe1\x1b\xc7\x14\x43\x81\xcb\xd4\x5e\x91"
	"\x66\x18\x06\x56\x6c\xf0\x15\x58\x46\xe9\xf2\xa6\x6d\x52\xbd\xbf"
	"\x86\xf0\x5e\x2b\x37\x6f\x50\x53\xa1\xf3\x60\xd9\xe4\x89\x81\x91"
	"\xb8\xf2\xe0\x63\xaa\x2a\xf0\xbd\xe7\x6b\x8e\x81\x2d\xac\xf0\x3d"
	"\x1f\x8c\xbc\x11\x4a\x8c\x1e\x25\xac\x44\x89\x59\x0e\x93\x0d\x16"
	"\x68\x89\x03\x98\x4e\xc5\xc3\x0a\x8c\x9e\xd6\x11\x45\xc2\x66\x71"
	"\x6a\x11\xd5\x28\x2d\x72\x2d\xb4\x4e\x09\xe1\xb3\x3d\x9a\xa7\x44"
	"\x2f\x87\xf6\x28\xef\x75\xc4\x83\x43\x47\x45\xab\x6a\xa2\x14\x52"
	"\x63\xee\xb9\x80\x1a\xa1\xad\x97\x06\x59\x42\x0e\xc8\x05\x29\xa7"
	"\xdf\xde\x23\xe7\xf8\x9c\x66\xd2\x10\x6d\x81\x3a\xcb\x68\x96\xe9"
	"\x28\xb9\xe4\x33\x33\x5a\x9b\x92\xaf\x84\x01\x2e\x2f\xa4\xb8\xc5"
	"\xa5\x18\x65\xca\x15\xf5\x04\x0b\x1e\x04\x6d\x94\x30\xbf\xc2\xeb"
	"\x83\x6d\x44\x40\x4c\xf6\x49\x7b\x68\x4a\xcb\xc6\x47\x40\x6f\xa6"
	"\x89\x0a\x53\x00\xaa\x43\x96\xa0\x85\x03\xe7\xf6\x06\x2e\xe2\x98"
	"\x67\x6a\x4e\xda\x17\x7c\xa3\xcd\x8e\x41\x50\xe2\xc2\x81\xea\xf2"
	"\x40\x65\x7c\x74\x21\xcf\x55\x44\xab\xb9\x3a\x7e\xf5\x4c\xa7\x21"
	"\x17\x2e\x3e\x5c\xfd\x5b\x11\xf3\x0b\x0c\xb8\x46\xf6\x25\xc3\x4b"
	"\x24\x9e\xe8\xc7\x84\xb1\x95\xe7\xcd\x40\x8b\xad\x50\xe3\x4b\xad"
	"\x51\x22\xba\xa4\xc0\x24\xcc\xf0\xcc\x43\x88\x58\x5b\x0a\x48\x59"
	"\x9b\xb6\x76\x57\xa3\x00\xd8\x8b\x18\x88\x76\x30\xd0\x4d\x44\xbb"
	"\x00\x7a\x49\x33\xc3\x4a\x50\x72\x7d\x38\x18\x96\x69\x10\x0b\x45"
	"\x48\x23\x26\x88\xa6\x03\xa5\x3a\xc1\x4b\x20\xd9\xc1\x00\x99\x6b"
	"\xda\xa6\xb3\x0b\x0f\xc8\xa9\x48\xdf\x8e\xb6\xa6\xdf\x86\x92\xa6"
	"\x3e\x36\x9e\x89\x78\x10\x06\x72\x06\xf7\xe5\x86\x2d\x97\x83\x59"
	"\x77\x2f\xe8\xbd\xcf\x80\xc9\xbb\xd2\x0b\x71\x66\xad\xb8\x86\x48"
	"\xbc\x9d\xa5\xb7\xa7\x38\xa0\xd2\x62\x5c\x5d\x17\x9c\x66\x06\x8a"
	"\x57\x0c\xa1\xb9\xe7\x39\x9a\x22\x47\x81\x72\x55\xa8\x38\x31\x1d"
	"\x13\xf1\x37\x39\x43\xed\x54\xa0\xdc\xb3\xed\x46\x01\x42\x6d\x94"
	"\x47\x7c\x6a\xdb\xd0\xdc\x38\x57\xc0\xf6\xd4\xd1\x35\x57\xd5\x08"
	"\x85\xdf\xf8\xe9\xda\x95\x23\x9c\xa8\x8c\x06\x7c\x76\x98\xc4\x69"
	"\x84\xbf\xc1\xe1\x24\x84\x3e\xe5\xb3\xe2\xba\x68\x5d\x31\x7c\xc3"
	"\x32\x8d\xf0\xb0\x84\xf8\x71\x55\x1a\x86\x35\x0a\xcb\x95\x55\xe9"
	"\xc8\x32\x81\xcd\xfe\xe8\xa2\x31\x4f\x93\x72\x3f\x59\x24\xb4\x41"
	"\x4c\x97\x89\x51\xe0\xef\x6c\x6f\x9a\x7e\x3c\xd1\x20\x9f\x26\x15"
	"\xe4\x94\x70\xcd\x64\x9a\x08\x31\x79\xc5\x8d\x5f\x16\x86\x7d\x68"
	"\xfa\x11\xf5\x0b\x11\x81\xaf\x66\x29\x6d\x94\xe6\x55\xd9\xce\x23"
	"\x9d\x71\x6a\xc6\x18\x9c\xc4\xae\xdd\x72\xf7\x65\x1d\x2a\x3a\xf9"
	"\xec\x58\x2c\x62\x80\x8d\xa8\x53\x63\xb2\x69\x71\xe0\x00\x9b\xaf"
	"\xb3\x94\xfd\x6e\x1a\xe3\xf4\x7e\x92\x6f\xb3\x98\x4e\x6d\xec\x44"
	"\x39\x8a\xcc\x6f\xc3\x19\xa7\x1a\x1e\x0a\xb2\x40\x10\x43\x36\x2f"
	"\xe1\x95\x0a\x11\xba\xd7\x6f\xd3\xa1\xa8\x68\x54\x01\x51\xa8\xe0"
	"\xae\x02\xcb\x2f\xb4\xa2\x4b\xab\x32\x91\x5c\x25\xc9\x3d\xca\x94"
	"\x40\x74\x39\x94\x9a\x94\x39\xa9\x25\x05\x12\x41\xc9\x2b\xdd\xb1"
	"\x31\x57\x57\xc0\x23\xaf\x66\xde\xa7\x26\x7d\x1a\xcd\xcb\x4b\xa8"
	"\xee\x21\x46\xf9\x82\x5c\x46\x51\x93\x2b\xc8\x62\xa3\x92\xe0\xa0"
	"\xca\xf3\x74\x4d\x4a\x36\xe4\x64\x53\x42\x3e\x19\x28\x6d\x5f\x7a"
	"\x88\x81\xb4\x18\x4c\x44\xd3\x91\xc5\x4d\x90\x93\x08\x0b\x2d\x2b"
	"\x06\x4f\x73\x7f\x40\xce\xce\xc4\xd7\xcc\x32\x90\x18\x0f\x3d\xd9"
	"\x69\x24\x45\x2b\x9b\x10\xcf\x9a\x92\x22\x26\x92\x16\x3b\x08\xc7"
	"\x6c\x28\x39\x26\xf7\xd2\xcf\x3b\xf6\x96\x9c\xbd\xa5\x60\x8f\xd3"
	"\x13\x2c\xce\x97\x20\x46\x38\x2d\xf0\x8f\x99\x89\x8f\xd7\x88\x6f"
	"\xa5\x91\xe0\xa7\x57\x72\xa4\x02\xd0\x2f\x4a\x0e\x8d\x92\x05\x8e"
	"\x08\x52\xa6\x9b\xae\xa6\xa0\xe3\x72\x13\x26\x58\xe0\x6a\x31\x33"
	"\x53\x96\x4b\x89\xf8\x18\xe5\xaa\x95\xee\x4a\x7a\x8d\x4f\xa4\x41"
	"\xec\x35\x9a\x12\x80\x67\x71\x9b\x15\x07\xdd\xd0\xf1\xe1\x1a\x67"
	"\x31\xde\xfb\x71\xe3\x58\x8e\x85\x39\xfa\x16\xa2\xd3\x60\x61\x7a"
	"\x80\x9c\x26\x86\x8d\x0f\xf6\xdc\x6f\x8e\x05\x4a\x2d\xa2\xbc\x8c"
	"\x68\x80\xd3\x93\xc0\x34\x64\xd4\x9d\x23\xa7\xda\x86\x64\xd6\x77"
	"\x70\x71\xaa\x23\xe2\x19\x8d\x92\xae\x98\x9f\xc5\xf6\x33\x63\xf8"
	"\xd0\xa8\x1b\xd4\x51\x36\xa7\xde\x27\xe1\x9a\xdb\x9a\x23\xfd\xb7"
	"\xb8\x44\x9c\x58\x34\x09\x39\x24\x9d\xb0\x20\x6b\x14\xd0\xb9\x92"
	"\x23\x1c\xa0\xf1\xdd\xe7\xd7\xe0\x77\xc7\x9a\x28\x0b\x73\x05\xa1"
	"\x62\xfb\x45\x02\x5f\x35\xe8\x34\xbc\xf7\x40\xa8\x88\x2e\x19\x41"
	"\x22\x06\x06\x89\xc8\x9d\x14\xe1\x84\x51\x11\x48\x11\xc7\x28\xc4"
	"\xfc\xda\x89\x85\xc9\xa7\xe8\x89\xd8\xc0\x22\xcf\xa8\x8a\x7e\x94"
	"\x23\xca\x2c\x0d\x50\x2b\xfa\x01\x54\x13\xae\x55\x34\x48\x5f\x5c"
	"\x5a\x12\x9c\x93\x4d\x1b\x99\x65\xfe\x22\xe1\xa2\x9f\xce\x1b\x1e"
	"\x68\x24\x01\xdf\x3c\x32\x55\x02\x9c\xdd\x70\xa4\x44\x5f\xbb\x04"
	"\x7d\x8f\x8c\xa5\x0d\x1f\x7b\xf3\x7b\x1b\x32\xb0\xe3\x08\xdf\xcf"
	"\xe7\x8f\xc7\x87\x97\xf3\x8d\x9f\x57\x1f\x33\x83\x8e\x2b\xf4\xed"
	"\x07\xdc\x66\x7f\xac\x7c\xf2\x5f\x73\xc1\x65\x42\x0f\x8d\x5b\xc2"
	"\x0a\xbc\x8c\x03\x88\x91\x48\x8d\x61\x1b\x30\x39\x45\xc2\x9a\x8f"
	"\x51\x81\x2a\xbb\x28\x69\xa0\x23\xb1\xa7\x0a\x62\x02\x37\x20\xf0"
	"\x80\x63\xe8\xda\xbc\x75\x57\xb8\x1d\xa4\xf4\xbb\x99\x53\xa3\x19"
	"\xf9\x62\xc9\xda\x8f\x51\x84\x9c\xec\x8f\xfe\xf2\xfc\x67\x8e\xea"
	"\x37\x3d\x9d\x04\x94\xc9\xf3\xe3\xfb\xdb\xf9\xe5\xfc\xf8\xf9\xfe"
	"\xf6\x0a\xd6\x35\x9d\x41\x3e\x48\x55\x67\xfd\xb7\x12\xac\x67\xe0"
	"\xd8\x94\x61\x7e\x20\x68\xe5\xbf\x36\x6d\x49\x65\xd5\x12\xf7\x29"
	"\x97\x09\xaa\xcf\x81\x06\xfe\x6a\x64\x98\xfe\x9b\x53\x02\xde\x78"
	"\x73\xf8\xae\xc8\x22\xbe\x1a\x48\xdb\x95\xf8\x3b\xb7\xed\x78\x4a"
	"\x61\x94\x54\xba\x2b\x99\xe5\xae\x20\x47\x47\x9f\xdd\x2f\x80\x68"
	"\xe8\xf2\x11\xd0\xd5\x34\x43\x0e\xba\xb5\x74\xcd\x52\x41\x2c\xdb"
	"\x53\x41\x6c\x5b\xc9\xc5\xd1\x4d\x25\xc4\x52\x15\xd7\x36\x3d\x47"
	"\x05\xb1\x55\xc5\x8d\x7d\x1b\x3b\xcf\x1e\x30\x7b\x6a\x78\x4a\x4c"
	"\xd9\x32\x3f\x93\x42\x7a\xcb\x15\x92\xe4\x72\x18\x33\xed\xd8\x34"
	"\x36\x60\xcc\x0d\x18\x6b\x03\xc6\x56\x63\x2c\x5b\x29\x63\x03\x4e"
	"\x25\xb4\xb0\xfd\x8a\x2d\x43\x8d\xb1\xf5\x6d\xbc\xec\x2d\xbc\x1c"
	"\x35\xc6\x35\x95\x18\xc7\x56\x42\x24\x3b\x88\x0b\x64\x5b\xc5\x5c"
	"\x7d\x43\x9b\x5b\x5c\x87\xf4\xb6\xb0\x33\x75\x53\x59\x32\xd3\xda"
	"\x29\x20\xb6\x19\x9b\x9a\x64\xa2\x85\xf3\xc1\x6e\x1a\x5c\xd3\x33"
	"\x02\xe6\xea\x0a\x89\xe4\x10\x34\xfc\xc2\x05\xe2\x99\xba\xa3\x84"
	"\x18\xea\x66\xe9\x61\xaa\x56\x3e\x94\x89\xa3\x98\xb2\xc1\xae\xa9"
	"\x2d\x6e\x4d\xcd\x94\x17\x2c\x21\xcd\xce\xb3\x15\xb3\xac\x00\x21"
	"\x96\x06\x13\xcc\xce\xd8\x00\x32\x15\x72\xdd\xe5\x26\x97\x8d\x3e"
	"\xfc\x79\x7b\x82\xcb\x07\x61\xb5\xb2\x19\xde\x3f\x48\x96\xe2\x73"
	"\x3f\xd1\x1d\x4f\x57\x62\x5c\x6f\xa7\xec\x53\x81\xdb\x35\x9b\x71"
	"\xaa\xce\x07\x9c\xe7\x6c\xe3\x07\xb8\x0d\xfc\xb8\xf4\x7a\x64\x0b"
	"\xc3\x0e\xb8\x81\xa3\xad\x1b\x7f\x6f\x61\x28\x70\x2a\x7e\x45\x69"
	"\x3b\x8a\xf1\x05\x10\x53\xde\x5f\xec\x50\xc6\xb6\x6c\x23\x25\x40"
	"\xe2\x06\x13\x96\xc4\x38\x0a\xa3\xa0\x50\x80\x8b\xb0\xdf\xf2\xa8"
	"\x15\x2d\xb5\x72\xce\x58\x62\x60\x4e\x5d\xc6\x18\x47\x33\x94\x4d"
	"\x36\xe0\x54\x5d\xc0\x71\x96\xad\x18\xd9\xac\x24\x58\x50\xef\x31"
	"\xc4\x56\xb4\x6c\x19\x71\x3d\x5c\xbe\x57\x28\x09\x33\x6c\xc5\xea"
	"\xc9\x31\xa8\x97\xb3\x31\xc6\xd5\x1b\x35\xc6\xd0\x54\x18\xae\xf4"
	"\xc9\xe7\xc6\x92\x12\xd7\xd2\xe5\xcb\x54\x19\x92\x9d\xe7\x2a\x30"
	"\x71\x6d\x1a\x1a\x89\x7c\xc3\x54\xf6\xda\x18\xab\x92\x84\x0b\xd6"
	"\xd4\x9b\x66\x23\xd2\x68\xac\xed\x65\x10\xe8\xed\xa5\x50\x94\x81"
	"\x99\xc4\x30\xdc\x40\x01\xea\xd4\x0c\x35\x48\xa1\xf7\x9f\x12\xcf"
	"\xd6\x35\x25\x44\xa1\x69\x0b\x88\x3a\x23\x4f\x99\x11\xe6\x69\x78"
	"\x0c\x31\x3c\x25\xc4\x54\x73\x31\x5d\x25\xc4\x52\x73\xb1\xd5\x35"
	"\xb2\x95\x4d\xe7\xba\x6a\x2e\xae\xa3\x84\x78\x86\x0a\xe2\x69\x6a"
	"\xa1\xee\x61\x2a\x69\x06\x0f\x73\x9a\xb2\x66\x3b\x47\x53\x43\x94"
	"\xc5\xde\xb9\x96\x1a\xa2\x14\x8a\x9d\x27\x5f\x57\xbe\x8a\x23\x9f"
	"\x9d\x93\x1b\x86\x52\x37\x73\x6d\xf9\x4c\x06\x1e\xab\x6c\xb9\xf4"
	"\xa4\xa4\xf2\x6c\x4b\x53\x62\x3c\x7d\x03\x46\x35\x41\xe7\x04\x02"
	"\x64\x12\x79\xc5\xe8\x3e\xa1\x92\x09\xa5\x53\x0b\x7c\xcc\xdd\xec"
	"\x08\xc3\xfc\x4a\x8e\xeb\x14\x86\x43\x41\xf2\xe3\x76\xe0\x1a\xd7"
	"\xee\xe4\x3c\xa2\xcb\x57\x61\x3c\x71\x12\x95\x38\xa2\xd7\x20\xef"
	"\x65\x11\xa4\x87\xf2\x88\x3c\xe3\xa7\x05\x39\xad\xb9\x2c\xe8\x38"
	"\x8e\xf8\x5d\xed\x68\xba\xd3\xb4\x1f\xe7\x47\x78\x40\x07\xc5\x59"
	"\x39\xc2\x82\x2f\x88\x05\x8f\x16\xb0\x7c\xc1\x0d\x54\x25\x1e\x1a"
	"\x48\x10\x45\xb5\x76\xf8\x2c\x68\xf9\xcc\x59\xc5\x25\x31\x2a\x70"
	"\x86\x0c\xb1\x61\x15\xc4\x0a\xee\x15\x50\xf2\x3e\x88\x6f\x11\x33"
	"\xe5\x8e\x5c\x66\x79\x1b\x86\x28\xc0\x3f\xc2\xe3\x0a\x09\x39\xe2"
	"\x7f\x49\xe8\x59\xc1\x88\xa4\x6a\x7e\x56\x1d\x08\x4e\xce\x8b\x8c"
	"\x46\xb7\xc1\x3d\x5e\x7d\x5f\x3c\x53\xc5\xc9\xdd\x6b\xf2\xff\xa5"
	"\xec\xda\x9a\x1b\xb7\x95\xf4\x5f\x51\xe5\x29\xa9\xda\x9c\xa3\xfb"
	"\x65\xb7\xf2\x00\x91\x90\xc4\x63\x82\xa4\x09\x52\x96\xe6\x85\xe5"
	"\x78\x34\x33\xae\xd8\x96\xcb\xd6\x6c\x8e\xf7\xd7\x6f\x37\x40\x52"
	"\x04\x89\x06\x7d\x2a\x55\xf1\x08\xfd\x11\x77\x34\xba\x81\x46\x37"
	"\x49\x87\x79\xb4\x8d\x23\x7c\xa9\x42\x42\xb8\x90\xae\x0e\xe2\x21"
	"\x8b\x88\xc1\xc6\xf7\xe1\xb1\x68\x8f\x36\x0f\x63\x3a\xb3\x2f\xd0"
	"\x58\x92\xba\xe5\x62\x1d\x10\x0b\x51\xd1\x37\x84\xe5\x1c\x12\x77"
	"\x71\x98\xf1\x1b\xfa\xdb\x38\xde\x86\xe8\x9b\x45\x50\x2e\x35\x15"
	"\x2a\x9b\x2f\x27\x34\x19\x2a\xef\x5e\x1a\x37\x47\xba\x9f\x73\x0f"
	"\xdf\x74\x78\x24\xfd\x8e\x85\x94\x13\x4c\x55\xb5\x63\x4a\x3f\xbf"
	"\x44\x40\x80\x5e\x8f\x68\x6a\x46\xd3\xfe\xc5\xd6\x29\x3d\xc5\xb2"
	"\xbb\x20\xda\xb1\xc8\xd1\x29\x91\x0c\x80\x95\x39\xaa\x16\x7a\xca"
	"\x5b\x05\x4d\xe7\xbe\x83\x86\x31\xe9\x69\x32\xf4\x69\x9b\x9f\x35"
	"\xc8\xca\x10\x5a\xc4\xb9\xec\x30\x25\xc1\x8e\xca\xbd\x0b\x99\x33"
	"\x7a\x83\xc5\xc5\x43\xe5\x1c\x60\x7c\x85\x78\x93\x75\x32\x8e\x23"
	"\xe0\xf0\xfc\x48\x7d\x87\xee\x5f\xd4\x2c\x32\x19\x79\x84\xf7\xab"
	"\x91\x1f\xb7\xb3\x8b\xb2\x80\xac\x62\x94\xa5\xc1\x96\xa4\xc6\xa9"
	"\x6b\x41\x24\x2c\xc2\xe0\x44\x61\xec\x58\x70\x09\x8f\xa0\xef\x08"
	"\xab\x6d\x0d\xc8\x58\xd8\x72\x0a\x65\x02\x80\x7d\xb6\xde\x19\x34"
	"\xa9\xc0\x5b\xd4\x0b\xab\x66\x28\xb5\x92\x70\x94\xfa\xf1\xc7\x95"
	"\xd0\x48\x04\x86\xd5\xee\xa7\x24\x0d\x04\x3b\x38\x46\x13\x0a\x72"
	"\xac\x8f\x34\xf6\x3c\x46\x37\x14\x98\x7c\xab\x33\x0d\xa2\xba\xd6"
	"\x32\x9b\x20\x61\xdb\x30\x8e\x3a\xe1\xb7\x8b\xcf\xaa\x88\xf1\x61"
	"\x10\xd1\x23\x26\x33\xce\x84\x8b\xca\x43\x34\x37\xe3\xf4\x6e\x00"
	"\xb5\x4c\x42\xc7\x5e\x9b\x0a\x7a\xae\x6d\xf1\xd9\x21\x93\x8e\xbd"
	"\x48\x0a\x96\x66\xff\x8a\x8f\xce\x22\xb2\xc0\xb1\x98\x81\xff\x49"
	"\xee\xe0\x05\xf8\x3a\x6b\x2b\x1c\xe4\x34\x97\x99\x60\xd0\x15\x34"
	"\xaf\xc9\x51\xb4\x2a\x12\xe2\xdd\x85\x66\xc4\x54\x7c\x17\x45\x0d"
	"\x02\x11\x3b\x98\xe9\x21\x80\x35\x43\x52\xbf\xf0\x34\x76\xf6\xcf"
	"\x97\xa3\x8f\x5e\x79\x68\x5e\xaa\xdd\x21\x15\xbb\x7c\x4d\x8b\x4c"
	"\x61\x42\x17\x70\xbb\x4f\x6d\xd1\x8a\xec\x02\xac\x36\x8b\xe8\x08"
	"\xb1\x49\xe0\x5b\xfd\x69\x29\xb0\x36\x5a\xad\xdf\xf3\x9b\xf9\x5e"
	"\x43\x37\x8d\x3d\x04\x13\xd9\xc4\x3b\x0f\xc3\x89\x65\x19\x6c\xd9"
	"\xfa\xb9\xd5\x75\x71\x35\x5c\x0d\x9a\x89\x30\x6a\x46\x3c\x45\x65"
	"\x08\x91\x7a\x3b\xd8\xf4\x65\xb1\xf3\x7c\x83\x62\xc2\xb4\x8d\x65"
	"\xf3\xbb\x28\x02\xc6\xe7\xf1\x22\xe2\x77\xb5\xc3\xb9\x0f\x9b\x67"
	"\x17\xec\xbb\xd2\x20\xc1\xec\xb7\x2a\x06\x22\x3e\x04\x0b\xa4\xb1"
	"\x4d\x28\x72\xbf\x03\x47\xd5\x13\xd9\xd6\x45\x2b\xee\x76\xc0\x98"
	"\xc2\x80\x78\x37\x5f\xa1\xd6\xa1\x32\xe1\x96\x19\x39\x6f\x10\x09"
	"\xdb\xb0\xc4\x87\x3a\xdb\x2d\x4f\x55\x74\x2a\xca\x0e\x05\xc1\x82"
	"\x98\xa3\x48\xbb\x53\xc3\xb1\x66\x1b\xfb\x4c\x3b\xbf\x5f\xd0\x31"
	"\x41\xe5\x8a\xc3\xef\xea\x29\xea\xfb\xf9\xe2\x30\x1c\xe2\xc0\x11"
	"\x93\xe4\x80\x93\x44\x8f\xab\xf1\xa1\x4a\xf7\xd7\x5b\xcf\xea\x6a"
	"\xb3\x46\x74\xc6\x5c\xa7\x96\x2f\x34\x4c\x12\x27\x8a\x52\xe9\x29"
	"\x86\x95\x83\x7e\x2d\xb2\x8c\x28\x4f\xc1\xb2\x0c\x27\x93\x04\x85"
	"\xc3\xb7\x64\xde\xa9\x4d\x55\x64\xb3\x46\xe6\xb8\x1e\xf2\xf1\x68"
	"\xb8\x4b\xda\x3d\x64\x80\x02\x99\x8c\x46\xf3\x83\x13\xb3\x81\x19"
	"\x82\x16\x24\x2e\x0c\x6c\xad\x13\x0c\x63\x44\x8f\x46\x7c\xed\x22"
	"\x4b\x6a\xb7\x7d\x71\x5f\xfb\xf2\x12\x40\xd6\x49\x86\xcb\xd1\xc8"
	"\x89\x48\x97\x6c\x3e\x9f\xad\x16\x4e\x10\xd6\x41\x39\x24\x13\x2d"
	"\xf9\xa0\x9e\xb0\x65\xdc\x3f\xef\xe9\xfe\xfd\xdd\xa6\x55\x2b\x86"
	"\xe1\x09\xb2\x04\x65\xd2\x4e\x6c\x49\x6a\xb9\xf8\xf4\xb7\x99\xe8"
	"\xba\x49\x89\x60\xff\xf9\xef\x81\xea\x82\x2c\x4e\xf1\x91\xe0\xd7"
	"\xd3\x2b\xfa\xa9\x41\x2f\x52\xd2\x93\xc1\xe0\xcf\x9f\x97\xc1\x3a"
	"\xbc\x41\xce\x55\x48\x7f\xf0\x7c\xff\x51\x19\x53\xdd\x3f\xbd\x9f"
	"\x07\x7f\x9e\x06\x2f\xa7\xd3\xd7\xd3\xd7\xff\x81\x4c\x4f\x46\x4e"
	"\xbb\xd3\xd3\xab\x32\xac\x7a\x46\xaf\xc4\x8f\x2f\xdf\xce\x26\x57"
	"\x2b\x71\xed\xc1\x2a\x93\x1d\xe6\xf9\x4d\x14\x6a\xf4\x94\x6c\x6a"
	"\xe4\xc6\x32\xb6\x61\xeb\x5e\xdc\x06\x64\x13\x6a\xcf\x6e\xe2\x02"
	"\xe9\x53\xde\x10\x9a\x30\xf8\x37\xcb\x7a\x51\xd2\xf7\x53\x22\x92"
	"\x76\x1b\x46\xb8\xd9\x6f\xc2\xfe\x95\x8b\x44\xee\xe2\xfe\x62\x59"
	"\xc8\x72\x9f\xf5\xc2\xe2\x88\xd3\xaa\x6a\x13\x78\xc3\x52\xd1\x9f"
	"\x5d\xe5\xb5\x0e\x06\xc4\xeb\x1f\x0f\x1e\x41\x27\xae\xe7\xe3\x19"
	"\xdd\xd7\x39\x93\xd6\xb5\x16\x3c\xdf\x7f\x7f\x7c\xf9\xde\x70\xd4"
	"\x66\xf2\x21\xdf\x5b\x3a\x46\x50\x29\x65\x8e\x99\x15\x24\x74\x7c"
	"\x17\xf5\xbd\x62\x08\xbe\x69\x2b\xd8\xdc\xb4\xef\xbc\x49\x67\x23"
	"\x87\xb4\x62\x17\x3b\x76\x60\x85\xd8\x32\x7f\xcb\x33\x47\xbe\xca"
	"\x93\x2b\x6c\x26\x61\xed\x2f\x22\x79\xba\xbf\xc0\x52\x7c\x1e\x6c"
	"\x9f\x7e\x56\x61\x47\x2b\x3f\x84\x2d\x59\x43\xd5\x81\x35\x23\x43"
	"\xd7\xc9\xf1\xe6\xea\xdf\xed\x1a\xf5\x4b\x45\x41\x2d\x65\x29\x50"
	"\x3d\xf0\xdc\x14\x54\x2b\xee\xaa\xdf\xad\x3e\xec\x69\x27\x0b\xd9"
	"\x4a\x45\x7f\x55\x5b\x0c\xef\xca\xf7\x3c\xca\x2c\xdd\x35\x26\x7b"
	"\x0a\x1d\x4c\x04\x3e\x67\x44\x35\x70\x37\x5b\xcc\x87\x66\x71\x65"
	"\x62\x77\xef\xa9\x09\x30\x36\x55\xbf\x76\x36\x47\x04\xe8\xa1\x51"
	"\x10\xe7\x46\x8a\xd8\x7a\x90\xac\xb3\x17\x47\x86\xda\x21\xf4\x53"
	"\x20\xeb\x67\xa6\x44\x49\x7c\xcf\x45\x30\xa7\x7b\x0e\xa8\xe3\x39"
	"\x49\x65\x7e\x9e\x11\x66\xa4\xba\x6a\x7b\xc9\xb7\x0e\xb9\x70\x1b"
	"\x67\xe4\x01\x8e\x42\x38\xf6\xd7\x8a\x75\x78\xc7\x85\x47\xc4\x6a"
	"\xd4\x30\x15\x2b\x99\x1e\x00\x5f\x1d\xe3\xd0\x52\x4c\xe6\x07\x9d"
	"\xc3\x4a\xb3\x13\xf0\x18\xda\xe5\x7e\x4b\x99\x56\xaf\x73\x59\xf0"
	"\x43\x06\x49\x78\xb6\x1e\x3b\x58\x63\x00\x2b\x67\xbd\xdf\xd2\x88"
	"\x90\xee\x94\x2c\x65\xa0\x5d\xec\x83\x75\x4a\xc6\x44\x57\x8d\x8e"
	"\xef\x58\x9a\x06\x0e\x04\xe9\xdb\x18\x25\x48\x09\xb3\x5a\x89\x36"
	"\x9b\xe0\x80\xae\xa9\xbb\x0b\x00\x5f\x75\x12\xce\x5b\x10\x70\x84"
	"\x8f\xe8\x69\xc3\xbf\xa8\x8e\x3f\xd0\xb3\x12\xa5\x62\xf8\x3b\x9e"
	"\x8d\x0e\xf4\xae\xb1\x93\xa0\x06\xc1\x3f\x26\xb3\xe1\xa4\x17\x34"
	"\x9d\x0f\xa7\x44\x7b\xf1\xf0\x04\x5f\x32\xa1\x73\x49\xde\x55\xb8"
	"\x80\x2d\xc5\x92\x3a\x7e\x56\xd2\x62\x15\xfe\x29\x5a\x2f\xf6\xc9"
	"\xed\x6a\x38\xa5\x67\x23\x86\xb3\xbe\x91\xa5\x7f\x1f\x1a\x85\xaf"
	"\x8f\x41\x7b\xdd\x5a\x80\xf5\xe2\x4f\x7e\x7c\xbc\x3f\x3e\xdc\x3f"
	"\x0d\xc2\xfb\x0f\xc3\x31\x61\x53\x82\xdc\x35\x5c\x97\x44\x71\xa2"
	"\xf5\x15\x8f\x07\xfb\x76\x2b\x55\xc8\x69\x9c\xc4\x4e\x4e\x36\xb1"
	"\xbe\x36\x54\x3b\xa0\x14\x85\x94\x50\x5e\x71\x2b\x1a\xaf\x5b\x31"
	"\xf9\xb6\x53\x13\x4c\xdd\xc9\x4e\x72\xdd\x74\x2e\xf2\x92\x62\xee"
	"\xfd\x21\x71\xaf\x5b\xe6\x84\x4e\x39\x71\xff\x20\x4c\xd2\x55\x33"
	"\x15\xcb\xee\x34\x5e\x33\x72\xb7\x10\xda\x04\xc1\xc2\x08\xb9\x74"
	"\x96\xa1\x39\x02\x1e\x1a\xfd\xb1\x1a\x0e\x2d\xf4\x4a\xe8\x41\xf7"
	"\xf4\xeb\x7c\xb3\xc1\xf7\xa5\xe3\x46\x91\xd5\x1b\x50\x8c\xb9\xd5"
	"\xda\x37\x8c\xc3\x0b\xfc\xe7\x46\x16\xb0\x5b\x4b\x54\xae\xaf\x4d"
	"\x6c\x16\x59\x19\x9d\xb7\x4f\x2b\xb4\x25\x7a\xed\x5e\x3b\x16\x49"
	"\x2c\x83\x8c\x9b\xb0\xc8\x13\xf5\xb3\x5d\x91\xe5\xb8\x22\xa2\xab"
	"\x77\x2a\x35\x17\x4f\x6f\x8f\xaf\x3f\x4e\x6f\x30\x1b\xaf\x0a\x7a"
	"\x7b\x23\xaa\xf4\xc5\x9c\x88\x70\xac\x2a\x9a\x3a\xc9\x95\x62\x46"
	"\xcf\x82\x03\x1b\x2f\x68\xce\x23\xf6\xce\xec\x91\x3c\x71\x28\x8e"
	"\x51\x82\x9f\x2b\xcd\x93\xce\x03\x2b\x48\x73\xb6\x35\x7c\xef\xaa"
	"\x02\x13\xfe\x6c\x36\x99\xbb\x20\x20\xa1\x8f\xc7\x8b\xb1\x9b\xbe"
	"\xa4\x85\xdd\x6d\x7c\x93\xd3\xbc\x79\x3b\x1e\x66\x7d\x6b\xa0\x1b"
	"\xa3\xc2\x14\xd5\xf0\x59\xb4\x43\xe5\x0f\x83\x35\x31\xd3\x36\xa8"
	"\x0f\x9b\x49\xd5\x3a\x68\xa7\x72\xdc\xf6\xdb\x5f\x47\xed\xaf\xd3"
	"\x08\x36\xee\x36\x4a\xa0\x8b\x89\xab\x42\x6a\xd0\x36\x5d\xb4\xf1"
	"\x32\x5f\xa7\xed\xda\x2b\x69\xa3\xd8\x75\x3b\xcd\x33\x62\xbb\x94"
	"\x69\x5e\xf7\x5b\x6d\x29\x20\x53\xaf\xdb\x1b\x9d\xa4\x5b\x5f\x76"
	"\xaa\xb8\x95\x9d\x1a\x8a\x2c\x69\x27\x25\xdd\x24\xf8\x61\x67\x18"
	"\x4e\x6e\x52\xf1\x1c\x7b\x6a\x91\x5b\xe5\xf7\x9a\xdc\x95\x67\x6d"
	"\x28\x3d\x0f\xec\x39\xc4\x6b\x7e\xe8\xfb\x3e\x72\x7c\xcf\x1d\x67"
	"\x2e\x4d\x10\x3a\x35\x97\x3c\xeb\xc7\xde\x7a\x6a\x9e\xf5\x03\x3f"
	"\x0b\x13\xb0\x86\x8b\x35\x13\xfd\x4c\xdf\x1c\x41\xa2\x29\xbc\x37"
	"\xa3\xd6\x92\xb0\xe7\xb3\x29\x42\xf4\x02\xd4\x5f\x29\x72\x6a\x58"
	"\x66\x74\x93\xd6\x58\x06\x54\x0d\x72\xe6\x8d\xfa\x3b\x50\xe3\x2c"
	"\xee\xe2\x1c\xf0\x71\x7f\xbb\xba\xac\xa0\x41\x6c\xdd\x77\xb4\x0b"
	"\xd8\x7b\x9f\xa9\x87\xe5\xc8\xcf\x0e\xec\xb2\x9b\xe6\xa4\xe8\xf0"
	"\x9d\x26\xb1\xc3\x80\x1a\xc4\x2e\x77\x69\x10\x3b\x6c\xa6\xd9\x35"
	"\x6d\xe6\xd2\x6c\x94\xa2\x99\xdb\x5c\x4b\xf2\x10\x19\x75\xe6\xee"
	"\xe7\x51\xf7\xda\x26\x3b\x26\xe6\x83\x10\x95\x50\x64\x1e\xf1\xea"
	"\x5d\x93\x73\x8f\x78\x84\x59\x7e\xad\x02\x0a\x2f\x0f\x56\x69\x3b"
	"\xfb\x78\x3d\xfd\xee\x69\xaf\xed\xaf\x4f\xa7\x7f\x9f\xde\xfe\xe9"
	"\x9f\x1a\xbf\x06\xf2\xef\xc7\xcb\xc3\x0f\xdb\x95\x95\xce\x1d\xe3"
	"\x69\x25\xc1\x04\xf5\x95\xe1\xcc\x7c\x8d\xd5\x2e\x84\x3d\x5d\x4e"
	"\x6f\x2f\xf7\x97\xd3\x40\x9c\xbf\x5a\x5d\xf8\xe9\x2c\xd1\xcf\x77"
	"\x98\x09\xea\x7a\x5a\xed\x7f\x31\x9a\xb4\xdd\x05\x99\x79\xa2\x77"
	"\x15\xdc\xce\x7f\x2b\x67\x88\x4f\x58\xc4\x47\x4b\x79\x68\x4d\x93"
	"\xc4\x2f\x92\x38\x0c\xbc\x86\xc4\xae\x82\x2b\x6a\x9a\x96\xd7\xeb"
	"\x8c\xa3\xf3\xe5\xf1\xdb\xc7\xe0\xdb\xe9\xfe\xf2\xf3\xed\xd4\x52"
	"\x4b\xd4\xc9\x4a\xdb\xb3\xa2\x12\x5d\x54\x9a\x56\xc6\x2c\x94\xa0"
	"\x9d\xaa\x85\x71\x9f\x67\x0c\xe4\x71\x65\xd4\xd1\xba\xef\xab\x8f"
	"\x97\x33\x1d\x92\xc2\xd4\x0d\x45\x56\x4f\x40\xe5\x38\x87\x52\x88"
	"\x0f\xb0\x24\x23\x10\xc5\x1d\x55\x56\x9e\x6b\x3a\xe5\xab\x86\xd6"
	"\x11\x8d\x38\x2b\x95\xe9\x26\xe2\x4e\x79\x31\x6d\x89\x2d\x8a\x09"
	"\xe0\xab\xf2\x22\x4c\x44\x11\x5a\xae\x01\x31\x92\x59\xdd\x29\x90"
	"\xa2\xf5\x1e\xa2\x01\x9a\xb1\x72\x34\xc7\xf1\xb8\x5f\xf6\x86\x72"
	"\xf8\xd3\xe9\x12\xac\xb0\xc7\x53\xc2\x78\x04\x76\x2f\x75\xfe\x17"
	"\xc6\xde\x8d\x76\x28\x5c\x6a\xc0\x32\x4b\x03\x8f\x34\x33\x2a\x2f"
	"\x09\x0b\xd2\xec\xa4\xd2\xee\x0a\x52\x01\xbd\xb3\x05\xf2\x13\xa2"
	"\xb1\x99\xc0\x8f\x5a\x4b\x91\x99\x31\x14\xc9\x5d\x2a\xf9\x2d\xa8"
	"\x95\x4d\x7c\x99\xd8\x89\x61\x01\xd9\xac\xb1\x7d\x96\xa4\xca\xd1"
	"\xd1\xd5\xa3\xd1\x95\xe4\x73\xd0\xe0\x52\x8e\x16\x23\x18\x22\xd9"
	"\x30\xe1\xc0\xde\xcf\x99\x3d\x9c\x21\x64\xd0\x3e\x75\xc0\xb4\x20"
	"\x51\xd3\x69\xdb\xf2\xf4\x69\x60\xbc\xf4\x98\x64\x71\x37\xe4\x9e"
	"\x8a\x33\xa3\x43\xcd\x7c\xe2\xce\x14\x73\xa2\x35\x5f\xa4\xb2\x54"
	"\xc0\x9f\x80\xa8\xbd\xf4\x77\xcd\x3b\xba\x3a\xa9\x80\x46\xc3\x6e"
	"\xcf\xa5\x8c\x4d\xcf\x49\x57\x44\xe2\xce\x14\x14\xad\x6c\x23\xec"
	"\x9f\xc6\x20\x2e\xa4\x4c\x12\xc7\x76\x26\x2e\x5b\x8d\xfa\x51\xfe"
	"\x9d\x27\xe4\xce\xeb\x01\xba\x22\x04\x5e\x51\x1b\xfc\x6b\x7d\xd6"
	"\x78\xc5\xe8\xe3\x6f\xe3\x63\x58\xcc\x02\xaf\xdd\xc8\xcc\xa9\xb8"
	"\xea\x38\x17\xd6\x0b\xc2\xd6\x1a\xa9\x7b\x15\x7c\x53\x08\xba\x79"
	"\xfe\x1d\xfd\x71\x0e\x5b\x16\x9d\x77\xee\xea\xb5\x1c\x1a\x1b\xcc"
	"\x61\x17\xa2\x3a\xc3\xbb\xdd\x99\x7e\xaa\x54\x47\x94\x2e\x92\x29"
	"\x9f\x4c\x88\x11\x84\xb3\xaf\x6b\x0f\x1f\x78\x64\xb5\xc2\xab\x8b"
	"\x2d\x17\x90\x39\x77\x9b\x14\x3c\xae\x33\x16\x32\x47\x9e\x0b\xd9"
	"\x97\x2c\xd4\xf6\x6e\x15\x20\xbb\x23\x1e\xdb\xe1\x59\xad\x19\x90"
	"\x8b\x0b\x99\x05\x9e\xcd\x1a\x0c\xad\x45\xd0\x8a\xa2\xe1\x09\x0f"
	"\x6d\x2a\x94\x33\x44\xc3\x1f\x5e\x9d\x5a\xd0\x46\x88\x0a\x04\x35"
	"\xd8\xee\xb2\x08\x0f\xd0\x61\x8b\xd1\x27\x36\x5d\xeb\x73\x34\xa0"
	"\xb4\x88\x17\x3a\x07\x4f\xcc\x27\xc4\x73\x95\x2b\x60\xe6\x00\x78"
	"\xe9\x70\x38\x9a\x8e\x46\x53\x1a\x12\x8a\xc9\x8c\x78\x46\x5c\xd1"
	"\xa9\x67\xfb\x35\x7d\x45\x79\xe6\x44\x40\xe2\xb1\xd5\x6c\xe2\xc8"
	"\x81\xf4\x84\xa8\xf3\x4f\x26\xab\xe9\xd4\x4d\x9f\xb9\xea\x87\x71"
	"\xdb\x46\x3d\xf4\x89\x9b\x3e\x77\xe6\xbf\x9c\x0d\x9d\xf9\x93\x2e"
	"\x2a\xaf\xdd\x33\xeb\xe9\xbf\xf9\xc4\x01\xf0\x41\xd1\x1a\x4f\xe5"
	"\x90\x78\xa0\xa2\x33\x21\xfc\x72\x2a\x62\x1d\x1c\xd9\x31\xd3\xfc"
	"\xf1\x72\xe8\xea\x85\x6c\x32\x5b\x39\x7a\x31\xf3\x18\xc6\xcf\x76"
	"\x00\x42\x6f\xb6\xa2\xde\xd7\xd5\x13\x75\xf6\x6f\x9a\x1e\xc8\xc9"
	"\x68\x13\x4e\x46\xab\x43\x2f\xa6\xf5\xf2\xad\xb5\x10\x95\x11\xc5"
	"\x9f\x4f\x8f\x2f\x7f\xfd\x3a\xfa\x4d\x89\xd2\xe9\x76\x3d\x28\x2d"
	"\x9d\x7f\xbe\x60\x88\x1b\xcb\x63\x8d\xc1\xaf\x57\x3b\xc7\xdf\xba"
	"\x4b\x19\xaf\x38\x1c\x43\x20\x8f\xd2\x23\x44\x37\x45\x17\xe1\x21"
	"\x25\xee\xf9\x14\x3d\x97\x56\x95\x55\xd1\xf0\xc6\x03\xe4\xbe\x22"
	"\x6c\x9a\x2f\x69\x0a\x2a\x0f\x3a\x54\xe6\x7e\x6c\xa3\x55\xd7\x5c"
	"\x18\xa7\xbb\x45\x97\x62\xb6\x18\x4d\x2b\x85\x03\x7b\x27\x7b\x7b"
	"\xfc\xfe\xdd\xb8\x00\x69\x9a\xa5\xb5\x39\x6b\x65\xad\xd6\x71\x7a"
	"\x69\x50\x63\xe0\x9f\x94\x6d\x85\x01\xdc\x71\x90\xee\xd6\x9c\x7d"
	"\x02\x5a\x3b\x45\xed\x87\x7a\x49\xde\x0f\x62\x20\x76\xef\x03\xc2"
	"\x51\xb8\x81\x74\x73\xba\x0a\x55\x99\x1f\x9a\xf3\x41\x75\xf3\xe3"
	"\xeb\x05\x03\x7e\xbd\x0f\x2e\xba\xaf\xaf\x33\x32\x3a\x5d\xbe\x3d"
	"\xa2\xd6\x5a\x06\x3f\x1c\xfc\x8a\x43\x72\xb9\x7f\xfb\x7e\xba\x74"
	"\xa7\x63\xdd\xf9\x29\x8b\x64\x40\x79\xf7\x36\xbb\x82\x8e\xee\x6a"
	"\xe0\x12\x16\x11\x4f\x25\x0c\x58\xc4\x33\x2a\x32\x96\x16\x59\x83"
	"\x35\x86\xa1\xb1\x77\x6a\x00\xff\x8f\x40\x3c\x89\x6c\xe7\xdb\x1c"
	"\xf8\x61\xf7\xbc\x02\x53\xcd\x5f\xe5\xd9\x94\x0e\x81\x6b\x58\x58"
	"\x20\x91\x96\xc7\x15\x39\xdb\xe5\x91\xcf\xd3\x03\x55\xfe\x4d\x7a"
	"\x8c\x51\x6a\x9f\x4f\x3b\x39\x5f\x49\xa8\xcc\x87\xfd\x39\xe8\x2e"
	"\x85\xe9\x50\xe4\xbc\x93\xdb\x01\x9f\x91\xd1\xf5\xf4\xf0\x29\xc1"
	"\x41\xe7\x43\x95\x64\x5a\x87\xd4\x49\x45\x18\x7a\x5e\xab\xec\x12"
	"\x93\x66\x1e\x5e\x21\x98\x09\x95\xa8\xd4\x48\xda\x79\x20\x47\x1e"
	"\xed\x89\x95\x87\xe9\x5f\xde\x2e\x0f\xc3\x5f\x9a\x00\x20\x66\xf1"
	"\xce\x33\xbf\x2a\x13\x5b\x5f\xd5\x8d\x45\x48\x67\xc8\x1a\xb4\x68"
	"\x0f\xb2\x5f\xc5\xac\x20\x61\xf0\x58\x45\x72\x69\xb0\x2b\x04\x82"
	"\xde\xbf\xa9\xa7\x44\x3b\x1d\x8f\x18\x2c\xc9\x2d\x67\xbf\xcd\xf4"
	"\x22\x0f\x78\xd1\x76\xfb\x6b\xd6\x3a\xdd\x77\x4c\x01\x6a\x13\x6c"
	"\xac\xa9\x45\x3a\xac\xbe\x63\xeb\xf5\xec\x0b\x27\x0c\xe2\xaf\xa0"
	"\xc3\x72\x78\x70\x42\x7c\x49\xba\x95\x6f\x42\x88\x77\xb4\x0d\xc8"
	"\x9c\xb8\x14\xab\x20\xbb\xa3\x58\xce\xe6\xee\xfa\x0a\x76\x98\xaf"
	"\x08\x6d\xa7\xc2\xa4\x72\xe6\x4d\x7a\xca\x0a\x64\x38\x1a\x13\x91"
	"\x80\x4d\xcc\xf8\x33\x19\x11\x36\x3a\x15\xe8\x00\x90\x99\x13\x91"
	"\x78\x1b\xf2\x21\xbc\x81\x19\xce\x3f\x01\x9a\x7c\x06\xf4\x19\xcc"
	"\xb2\x67\x34\xa6\xa3\x6c\xe9\x1e\x8c\xf5\xed\x64\x7c\xe3\x44\x48"
	"\x50\x31\x56\x84\x6f\xf5\x0a\xb3\x11\xa4\x3b\xa3\x7a\xd4\x61\x22"
	"\x8f\x7a\x21\x33\xc2\xeb\x4c\x33\x97\xb1\x7b\xa8\xb8\x98\x0c\xc7"
	"\xee\xf5\x90\xee\x97\x4b\xd3\xe8\x45\xbf\xe2\x4d\x82\xbe\x45\x8b"
	"\x3d\xba\xea\xef\xf4\xd5\xb4\x7f\xc9\x8e\xfb\x21\xb3\x5e\xc8\x74"
	"\xd2\x0f\xe9\xe7\x0d\xab\x61\xff\xa2\x1e\xb9\x97\x50\xba\xa2\xbc"
	"\xe8\x5d\x87\x6e\xda\x3f\xba\xf3\xd1\xe8\x13\xcc\x63\xba\xfc\x04"
	"\x13\x1a\xf7\x2d\x9f\xf1\xa8\x67\x41\x0b\x2f\x59\xac\x66\xc4\xa6"
	"\x64\x71\x61\x88\xf3\x07\x83\x27\x7f\x82\xf9\xfb\x72\x32\x9e\x7c"
	"\xa6\x86\x7d\x13\x19\xe6\xd1\xca\xeb\x5e\x87\xd4\x36\xac\xbd\xf5"
	"\x18\x8d\x97\xf3\xbe\x09\x42\x85\xbd\x6a\x42\x66\xbd\x33\x71\xbe"
	"\x9c\x15\x1b\x26\x82\xf0\xd8\x87\x5c\x4c\xfb\x16\xc7\x78\x3a\x74"
	"\x2f\x31\x99\xdd\x8c\x16\x19\xeb\x99\x28\xd3\x65\xd6\xd3\x7a\x84"
	"\x4c\x66\xbd\x10\xc2\x27\x44\x0d\x91\x62\x3e\xee\x69\xd4\xfa\x76"
	"\xba\xec\x99\xb4\x69\x32\xf3\x7a\x56\x19\x4e\x08\xf7\x0a\xfa\x72"
	"\x8c\x6e\x4d\x97\x87\x6a\x62\x9c\x5f\x7e\x47\x85\xa9\x67\xbe\x24"
	"\xe1\xb0\x87\xcf\x23\xc2\x5d\xc5\x4d\x06\xff\x6a\xed\x05\xed\x4c"
	"\xc4\xf2\xa0\x02\x51\x77\xc7\x35\xda\x4b\x77\x1f\x2d\x5a\x56\x76"
	"\xb5\x9f\x08\x1d\xf8\xbb\xaf\x85\x8d\xc7\x7e\xa8\xdd\x12\x95\xc4"
	"\x40\xed\x78\x05\xd2\x7c\xf8\x66\xa6\xb7\xef\xa5\x7c\xc1\xae\x0f"
	"\xda\xae\x37\x42\x75\x6a\x57\x02\xd6\xc1\x0b\x05\xeb\x06\x5b\x83"
	"\xc4\x82\x47\x5b\x23\xd8\x1a\xa6\x95\xc1\x91\xd4\x79\x65\xc4\x43"
	"\x69\x52\x63\xe3\xf1\x2e\x3e\x05\x49\x19\xcc\xcc\xad\x4f\x3c\x44"
	"\x60\x02\xcf\x90\xc3\x21\x15\xa0\xf7\xae\x60\x87\x00\x73\x26\x42"
	"\x5e\xa1\xb3\x5d\x2a\x6f\xe5\xd5\x1a\x8d\x8b\x19\x11\x26\x58\x80"
	"\x54\x06\x43\xb0\xb7\x2f\x88\x24\x9c\x4c\x86\x05\x95\x79\x19\x7d"
	"\x46\x92\x00\x6d\x80\xd5\x47\xd6\x0b\xc5\x5d\xca\x9a\x09\x37\x60"
	"\x87\x6d\x2c\xc4\x56\x64\x3d\x18\xcb\x44\x53\xc4\x6d\xa2\xfa\xb8"
	"\x39\x74\xcd\x74\x87\xae\x0b\x03\x44\x0e\x4e\x49\x2b\x6c\xde\xc8"
	"\xb1\x32\xde\xd3\xe3\xe9\xe5\x62\x2c\x10\x26\x8f\x11\xe8\xce\x74"
	"\xb7\x41\xba\x55\x17\x82\xf4\x75\xbe\xe9\xbe\xd6\x54\xf9\xa1\x25"
	"\xa8\x31\x2d\xf3\x83\xc5\x56\xbc\xba\xc6\x34\xfd\x94\xe7\xe8\x79"
	"\x8e\xf0\x2a\x87\xb4\x04\xd7\x33\xa8\xd8\x41\x7a\x4b\x62\x7c\x50"
	"\x2d\xfb\x30\x8c\xf0\x6d\x87\x34\xc9\x53\x2f\x26\x94\x38\x55\x07"
	"\x2f\xa8\x9c\xc5\x90\x98\x88\x67\x07\x3a\x83\x34\x27\x1c\x8d\x20"
	"\x55\x6c\xe6\xe3\xa9\xbd\xa7\xb4\x4d\xf1\x8e\xa5\xdc\xd7\xea\x73"
	"\xfd\xe1\x7e\x43\x9c\x64\x21\xff\xa8\x82\xb5\x58\x32\x45\x32\xe6"
	"\xcb\xa3\xdc\xc8\x4e\x27\x53\xb7\x4d\xd5\x57\x22\xb0\xdc\xb5\xa2"
	"\x0f\xea\xf7\xf3\xb7\xcb\x60\xf7\xf1\x7a\x7a\xfb\x7d\x3f\xf8\xfe"
	"\xf3\xf4\x7e\xb1\x99\x81\xec\xa1\xa7\x35\xa3\x2c\x8f\x87\x6c\xb7"
	"\x47\x19\xc3\x1b\xdf\x66\xe5\x92\x34\x90\x62\x8c\x37\xe4\xd6\xca"
	"\xc1\x4a\xe2\x7e\x40\x6c\x28\xe1\x72\xb4\x1a\xe7\x14\x31\x0c\xd6"
	"\xe4\x77\x8b\xf1\x64\x4d\x6c\x53\xcb\xc5\x88\xca\x73\x39\x5a\x2e"
	"\x39\x55\x9e\x9c\xb5\xf4\x61\x7d\xce\x00\x9d\xfa\x7e\x29\xdf\x6e"
	"\xd5\x9b\x9a\x0e\x37\xfe\xf0\x70\x7a\x3a\xbd\x9d\x9f\x4f\x97\xd6"
	"\x56\xc7\x60\x85\x8d\xe6\x63\xc2\xec\xbf\xa4\x9a\xee\xa9\x74\x8e"
	"\x2f\xf7\x4f\xe7\xef\x83\xcb\x79\xf0\xf5\xf1\xfb\xe3\xe5\xfe\x09"
	"\x8f\x2b\xa1\xc8\x6e\xfe\x8b\x39\x11\x2d\x06\x48\x0b\x42\x23\x05"
	"\xd2\x72\x44\x7e\x35\x22\x8c\x82\x81\xd4\x32\xd6\x6d\x56\xb5\xaa"
	"\xe7\x9f\x8f\xbf\x7f\x7d\x7c\x3b\x3d\x20\x07\x22\x2b\x9d\x2d\x5a"
	"\x6e\x6c\x35\xf9\xfe\xf5\xfe\x01\x32\x79\x79\x38\x7d\xaa\xe5\xa3"
	"\x19\xd9\xbc\xd1\x8c\x6c\xc3\x62\xda\x2d\xd9\x57\x35\x86\x3f\xba"
	"\x44\xf9\xf1\x72\xf9\x71\x7a\x7f\x6c\x15\xb8\x5a\x4e\xa8\x5c\x81"
	"\x34\xed\xbe\x62\x3d\x5d\xfe\x3e\xbf\xfd\xa5\x7a\xe8\xe3\xff\x4e"
	"\x6f\xff\x35\x08\x9e\x5f\x4f\x5f\x55\xfb\x3c\xa2\x51\xb3\xd5\xa4"
	"\xab\x2d\x33\xe8\xcd\xff\x3d\x0d\x4e\x2f\xa7\xb7\xef\x1f\x03\x35"
	"\xcb\x70\x16\x06\x9e\xf9\x2d\x5f\x2c\x67\xdd\x5a\xa4\xa7\xf7\xf3"
	"\x13\x5e\xd7\x7c\xa2\x4b\xc7\x72\x45\x75\xe9\x18\xd4\x97\xd1\xd0"
	"\x11\x52\x71\x46\x12\x0f\xdb\xee\xce\x27\x5f\x4f\xf7\x7f\xfd\x7c"
	"\xc5\x9a\x40\xf5\x4e\x83\xf7\xd7\xd3\xe9\xe1\x87\xe1\x8c\x5e\x73"
	"\x98\xa2\xe3\x1e\xaa\x9c\x75\x5f\xdf\xce\x8f\x5f\xaf\x5b\x1c\x93"
	"\xbb\x16\xef\xad\x2c\xf7\xf6\xad\xe8\x0d\x55\xfe\x55\xc8\x74\x71"
	"\x53\x06\xdd\x6a\xb8\xf3\xaf\x0c\xa1\xf0\xd9\x2d\x6f\x1e\xd7\x6a"
	"\x7f\x2d\x57\xe1\x0a\xa4\x4f\x3c\x72\x85\x9d\x6d\xc7\x99\xdd\xb7"
	"\x11\x62\x3c\x96\xee\x79\x9c\x67\x3d\xa8\x5d\x1e\xdd\xf4\x40\x40"
	"\x0e\x71\x02\x36\x71\xea\x71\x25\xae\xe0\xa6\x4f\xc2\x94\x11\x90"
	"\x6a\x9f\xb2\x13\xc0\x37\xfb\x20\x23\x5a\x1f\x6f\x20\x3c\x89\xe3"
	"\x50\x4b\xdc\x29\x07\x39\x22\x34\x3a\x44\x53\x31\xb9\x10\x2c\xbd"
	"\xf9\x63\x74\x7d\x45\x82\xd4\x74\x1d\x44\xaa\xce\x86\x81\x42\x39"
	"\xba\xeb\x98\x72\x4c\x07\x42\x73\x01\x02\xf3\x62\x3c\x25\x84\xe2"
	"\x2d\xd1\xbc\xad\x2c\x30\x64\xc2\x3a\xa6\xde\x1a\x47\x01\x0c\x99"
	"\x4c\x08\xaf\x65\xda\xc9\x46\xe1\x85\x37\xc5\x21\x8c\x30\x0e\xdf"
	"\xcd\xdd\x97\x94\x0c\x24\x9c\x6d\xec\xa5\xdc\x05\xa1\x07\x1d\x31"
	"\x54\x36\x55\x3d\x08\xca\x5a\x86\x7a\x72\x7b\x23\x17\xd4\x01\xdf"
	"\x36\xe5\x47\xca\x34\x2d\x09\xa6\x16\xe6\xb2\xbd\x7f\xff\xeb\x74"
	"\xb1\x3d\x47\xae\xc6\x68\xcb\xe4\x0d\xcf\x60\xb2\x30\xc1\xef\x62"
	"\x22\x8e\x2d\x48\xf2\xa8\xa4\x40\xdf\x07\x9b\xae\xf4\x71\xfb\xf3"
	"\xfe\xe9\xe1\xfc\xfc\x3c\x60\xc0\x58\x41\x0e\x19\x78\xa1\x3f\xb8"
	"\xc3\xb7\x8c\xcf\xe7\xaf\x3f\x9f\x4e\xd7\x75\x7c\xeb\x31\xe8\x72"
	"\xbf\x40\x62\xc3\x7c\xb3\x91\x8a\xd7\x0b\x4a\x96\xfd\xe5\xeb\xe9"
	"\xdb\xfd\xcf\xa7\x4b\xe3\x7e\x63\x1b\x87\xfe\x26\x20\xcc\x4d\xbc"
	"\x5d\x0a\x32\x48\xed\x8e\x41\xd2\xb5\xbc\x00\x2f\x7a\x39\xc3\xb6"
	"\xf6\x78\x7a\x1f\x3c\xbe\x3c\xfc\x63\x80\xd1\x6a\xdf\xf1\x36\xfb"
	"\xdb\xe3\x43\xd9\x57\xdd\x87\x6c\x28\x06\xf2\x43\x56\x94\x62\x75"
	"\xcb\xfa\x34\x05\xed\xb3\x19\x1b\x31\x31\x03\xd2\x24\xb5\xb8\x85"
	"\xaa\x8e\x5d\x4d\x69\x82\x22\x3f\x41\xe0\x35\x43\xc3\xe8\x19\x7e"
	"\xa0\xbd\x42\x80\x9e\x82\x30\xf2\xa0\xc4\x95\xd8\xb8\xbb\x0e\x12"
	"\x66\xbc\xf3\x86\xdf\x76\x5e\x91\x30\xf2\xc2\x08\x69\x77\x7e\x80"
	"\x0b\x6a\x13\xf0\x56\x90\x44\xfd\x32\xa0\x5d\x0c\xbe\x55\x68\x15"
	"\x55\xe1\xf1\xc1\x01\xd2\x5a\xb5\x9a\x14\x62\x17\xe0\x90\x1f\x8e"
	"\x54\x05\x2b\x48\x00\x83\x2b\x58\xc4\xb6\xa4\x59\xba\xd1\x5f\x5a"
	"\xb7\x03\x7d\xa4\x30\x7d\xa7\xa9\x1c\xa1\xef\xfc\x5c\xd8\x4c\xbd"
	"\x81\x1f\xe0\x85\x55\x18\xc7\x37\x79\xc3\x92\x7c\xc7\xf6\x5c\x31"
	"\x8d\x24\xe5\xc0\x5a\x1a\xc7\x05\x57\x86\x52\x07\x60\xd1\xf1\x7e"
	"\xbc\xa7\xf3\xc3\x5f\x3a\x1a\x3a\xca\x09\xcd\xa5\xd7\x60\x42\x38"
	"\x78\x0c\xe3\xa9\xdb\xe7\x34\x20\x76\xd2\xbf\xe9\x63\x65\xe8\x4e"
	"\x75\x4a\x58\xbe\x34\x60\x32\x98\x51\x1e\x55\x4d\x14\x61\x2a\x65"
	"\x82\xa6\x9f\x01\x11\x5e\x79\x1b\x20\xcf\xf7\xf8\x82\x90\x72\x5b"
	"\xb0\xd5\xb8\xb7\x89\x9e\xc4\x20\x57\x05\x11\xf3\x09\x11\xb7\x71"
	"\x1a\xdc\xda\x46\xbe\xb1\x33\xa0\xa2\xd9\x9c\x34\x0d\x1a\x65\x43"
	"\xd4\x1c\x53\xcf\x5e\x4d\xe1\x4b\x09\xfc\x29\x24\x4f\x28\x7c\xe9"
	"\xd9\x26\x56\x75\x37\x6d\x9e\x5b\xb0\xd9\xc4\x91\x17\x7e\x96\x26"
	"\x62\x67\x88\x4c\xc9\x6d\xb1\xf5\xbc\x62\x39\x5c\xda\x87\x0e\x01"
	"\x42\xb8\x10\x41\x99\xc5\x74\x48\xb8\x2a\x0f\xea\x32\x88\x10\x72"
	"\x08\x08\xfb\x00\x3a\x07\xe2\xa6\x15\xf9\xb0\x02\xcc\x09\x8b\xb2"
	"\x1a\x40\xdd\xb5\x5c\x01\x8e\x1c\x42\x27\xc0\xd7\x39\xac\xe6\xa3"
	"\x19\x09\x08\x9d\x00\x28\x42\xf7\xf5\xaa\xb7\x19\x8e\x8e\x28\xb3"
	"\xe8\xeb\xaa\xd5\xaa\x17\x30\xef\x2b\x63\xd5\xd7\x99\x2b\xc2\x7d"
	"\x74\xd9\x57\xcb\xe9\x8c\xa4\xc3\xde\xc9\xe3\x1e\x0c\xee\xbb\x5d"
	"\x48\xbd\x77\x0a\xd8\x24\xd0\x21\x19\x72\xf0\x60\x6f\x3e\xf2\xc6"
	"\xd5\xc0\xe2\xa4\x7c\x13\xde\xa9\xfa\x0d\x15\x1e\x14\x01\x55\xd5"
	"\x9c\xa0\xb2\x6e\x4e\x8c\xc7\x44\x1f\x64\x9b\xe4\xbd\x25\xe1\x76"
	"\xdd\x07\x8a\xdc\xf9\x94\xcd\x0e\x83\x2c\xa6\xe8\x55\xab\x5d\x18"
	"\xdd\x20\x17\xa2\xec\x16\x17\x44\x37\xd9\x85\x88\x7a\x11\x55\x9f"
	"\x38\xcb\x01\xfa\x9a\x47\x5b\x2a\x62\x4b\x55\x13\x37\xa6\x6c\x50"
	"\x0f\xa8\xac\x4e\x17\xd5\x98\xcd\x65\xe7\xb1\x6d\xdc\xbc\xfa\x50"
	"\xf3\xbc\x6a\x8d\x8d\x56\x76\xa8\x85\x44\x7d\x52\x76\xb0\x85\x12"
	"\x91\x94\x7a\xf4\x2b\xda\x75\xeb\xd1\x05\x49\x2f\x5f\x13\x87\xf5"
	"\x75\x25\x9d\x18\x5d\x2b\x27\x24\x4c\xd0\xbe\x5c\xbd\x19\x72\x42"
	"\xab\xc6\x53\xdb\xc1\xb5\x13\x5c\x08\xc5\xe4\x28\x80\xa7\x9e\xd6"
	"\x78\x49\x5e\xc4\x30\xbe\x2d\x54\x25\x22\xde\x81\xa6\x17\x99\x2f"
	"\x76\xae\x69\xd5\x1e\xae\xc5\x40\x25\x1a\xca\xf3\xcf\x37\x9b\x9e"
	"\xa1\x6c\x41\xf5\x25\x93\x91\x02\x52\xf2\xba\x21\x78\xb2\x54\x68"
	"\xf7\x90\xad\xc8\xf0\x66\x7a\xc1\xf7\x19\xfa\x6a\x6f\x8a\xc6\x2d"
	"\x04\xaa\xf7\xa8\xf8\xb1\xd4\x0c\x41\xaf\xee\x9d\xd2\x94\x65\x39"
	"\xc0\x87\xc3\xe5\x6c\x39\x6b\xba\x88\x95\x41\x88\xbe\xc5\x6b\xc8"
	"\x68\x3e\x1a\xaa\xff\x8c\x82\xe6\xd3\x1a\x00\x19\xac\xc6\x23\x43"
	"\x20\x31\x2b\xb2\xf7\xb2\xd2\xec\xd1\x2e\x9d\xa4\x65\x70\x78\x60"
	"\xf6\x4b\xab\x17\x15\xc1\x82\x70\x1d\x1f\xda\x45\x88\x5d\x4e\x5c"
	"\x7e\x69\x55\xd1\x01\x98\x8c\x87\x85\x58\x13\xe1\x97\xab\x9b\x3f"
	"\x8a\x5e\x56\xa7\x63\xd8\xd6\x92\xe3\x12\x0f\x35\x23\xdb\x21\x96"
	"\xf2\x5a\xd2\x74\x63\x12\x80\x4c\x98\x9b\x9a\x98\x4e\xba\x5a\x7a"
	"\x6a\xad\x1f\x0f\x13\x41\x95\x55\xc4\x41\x72\xff\xfd\xa4\x2c\x66"
	"\xbb\xce\xb7\xf4\xd7\x78\xe9\xb0\xcd\xf0\x45\x5d\x3b\xdf\x2b\x05"
	"\x97\xa3\xa9\x48\xd9\x00\xa0\x6c\x85\x1b\xb2\xbd\x9d\x4f\x60\x74"
	"\xf6\x0b\x69\x3d\x95\x6a\x21\x37\xcc\x7c\x9b\x66\x05\xfc\x87\xa5"
	"\xab\x4f\x60\x55\x81\x6a\x97\x85\x6b\xc7\x37\xb5\x2b\x54\x60\x48"
	"\xd9\x0e\x96\xc9\x76\xe7\xa8\xf3\x9e\x5d\x7b\x31\xde\xe8\xe4\x76"
	"\xbf\xea\x8b\xc8\x6a\x1a\x64\x41\x67\x18\x1b\xd3\x57\xea\xef\x8d"
	"\x29\x8d\x69\xc5\x7e\x42\xae\x13\x45\xff\x44\x6f\x40\xbb\xd5\xed"
	"\x21\x7d\xf9\x59\xe7\x86\x39\x29\x57\x32\x76\xc5\x59\x1b\xcb\xb2"
	"\x2f\x47\x98\xf6\x49\xd2\xba\x3c\x52\x44\x3d\x19\xbb\x07\xd8\xcf"
	"\xe7\xcb\xe9\xf5\xed\xfc\x60\x35\x26\xe0\xe8\xac\x18\x2d\x4e\xbb"
	"\x1f\xbe\x3e\xbf\x7f\xef\x72\x4f\x50\x7a\x64\xe3\xac\x57\xfd\x54"
	"\x2e\xdd\xda\x69\x5a\xe5\x52\x4e\x97\x22\xd0\xc0\xf7\xc6\xe4\xee"
	"\x40\xd2\xc4\xe6\xbb\xa0\x03\x93\xfa\x94\x9a\x24\x27\xe6\x3b\x2a"
	"\x0b\x80\xb8\x43\xbb\x02\xa5\xf0\x1d\x10\x7d\x49\x48\x0a\x86\x00"
	"\x6a\x67\xa0\x0f\xec\xa1\x83\x7f\x95\x1f\xef\x97\xd3\xf3\x20\x7e"
	"\x19\x78\x3f\x1e\x5f\x7f\xbb\x9e\x88\xf9\xad\x0b\xb1\x67\x3c\x3b"
	"\x7b\x50\x11\x8d\x5b\x77\x65\xeb\xb7\xf3\xfd\xd7\x87\xf3\x73\x8b"
	"\xd6\xf0\x22\x0e\x62\x51\xea\x09\x98\x4a\xdd\x0b\x95\x43\xf2\xcf"
	"\x6b\x38\xe4\xdb\xf3\x1b\xa8\xe9\x96\x22\x1e\xff\x21\x0e\xb6\xf4"
	"\xfa\x78\xcf\xa4\x19\x4a\x31\xcc\x40\x34\x35\xf3\xd7\xad\x73\x22"
	"\xd8\xd9\xa5\x9e\xd9\x2d\x42\x9a\x47\xc5\x6d\xce\x73\xae\xdc\x0b"
	"\xca\xb6\xf2\x70\xbb\xce\x8a\x1d\xe4\x18\x12\xbe\xe5\xf4\xc8\xca"
	"\x75\x40\x2d\x18\xe0\xfb\x5e\xab\x48\x34\x38\xef\xac\x1d\x14\xe5"
	"\x15\x85\x2e\x06\x85\xdf\x0e\xc4\x5c\x9c\x28\xcc\xd9\xf3\x07\x09"
	"\x08\xf4\x2a\xf7\xe7\xca\x10\x9e\xa7\x1b\xc3\x49\xb5\x22\x09\x3f"
	"\x2b\xc2\x98\xf9\xe6\x13\x16\x75\x2c\x9a\xac\x25\x95\xe1\x2d\x68"
	"\x6c\x3b\x1e\x26\xc6\xab\x98\x9a\xa2\x4e\x18\x2d\xe9\xfe\xc6\xa8"
	"\xbd\x3e\x88\xf4\xb2\xd0\x55\x8a\x8a\xde\x00\xa3\x1f\x86\x2c\x31"
	"\x4f\x03\xf5\x20\x8b\x0c\x5d\x8f\x58\xbd\x93\x68\x80\x3e\x48\x31"
	"\x3a\xac\x75\x1d\x55\x2d\xcd\x36\xa3\x30\xa6\x8b\x74\xd0\xc2\x71"
	"\x9b\xdc\xcc\x99\xb3\x34\x3c\x16\x29\x4c\xb5\xb8\x7d\xc6\x09\x15"
	"\x89\xd3\xa3\x9a\xbc\xc6\xfb\xa5\xba\x9a\xda\x33\x66\x87\x90\x8c"
	"\x13\x4b\x03\xa4\xa0\x67\xd8\x9d\x17\xa1\x1f\xc4\x2c\x0d\xc9\x56"
	"\x24\x41\x08\x7f\x25\xfa\xef\x48\xe6\x7b\xab\xa2\xce\xb3\x3c\x29"
	"\xa4\x4c\xb5\xd7\x00\x25\xd1\xc5\x79\xd6\x98\x02\x48\x93\x47\x89"
	"\x87\x5f\x06\xe4\x0f\x3c\xd9\x1b\x1a\xa8\x7c\x8d\x6f\x28\x1c\xa8"
	"\xfa\xe1\x46\xa7\xc0\x76\x7f\x70\x2f\x4f\x79\xe9\x00\xcd\x3c\x3c"
	"\x28\xed\x25\xd0\xd9\x00\xbe\x02\xb3\x13\xbb\x7e\x21\x14\x55\x55"
	"\x10\xef\x0f\xd1\x35\x01\x6b\xee\xec\x65\x6f\xb5\xf0\xba\xd9\xb7"
	"\x2a\xd6\xac\x10\x1d\xb4\x6a\xc6\x35\x64\x52\x83\x88\xf7\x61\x35"
	"\x8f\x6a\x36\xcc\x87\x55\xdb\x99\x16\x3c\xf7\x3b\x63\x2f\x82\x28"
	"\x68\xef\xed\x6d\x49\x35\xa5\x0f\x37\xe2\x14\xa3\xd3\x44\x5b\xcb"
	"\x93\x64\xf3\x88\x23\x64\x7e\xa0\x5e\xd3\xfd\x67\x68\x9e\x92\x52"
	"\xc7\x46\xb2\xe9\x74\x89\x21\xe4\xdb\xbc\xf4\x8e\x65\xde\xce\x8f"
	"\xb7\xdd\x1e\x80\xc6\x66\xe8\xd5\x2e\x8c\xff\x9f\xb4\x2b\x6b\x6e"
	"\x1c\x47\xd2\x7f\xc5\xe1\xa7\xdd\x88\xed\x68\x1e\x3a\x27\xa2\x1e"
	"\x20\x1e\x22\x4b\xbc\x4c\x80\x92\xec\x17\x85\xcb\x56\x77\x79\xb7"
	"\x6c\xd7\xda\xf2\x6c\xd5\xfc\xfa\x45\x02\x24\x05\x80\x48\x5a\x11"
	"\x13\x31\x3d\x2e\x21\x13\x07\x71\x24\x12\x40\xe6\x97\x6b\x3e\xe6"
	"\x06\x51\xbe\xb2\xee\x20\xe3\x2a\x65\x00\x46\x2c\x27\xd2\xa0\xcf"
	"\x04\x4b\x5a\xa5\x2d\x1e\x2d\xd6\x40\x50\x9b\x68\x40\xb2\x54\x0d"
	"\xb2\xd1\x53\xce\xfb\x77\x62\xee\x2f\xfc\x1c\x6d\x85\x10\xbc\xa1"
	"\x51\x24\xa0\x19\xd2\xfa\x66\x98\x87\xaf\xbf\x86\xa5\x99\xfd\x14"
	"\xa5\x66\xb5\xc0\x3a\x6a\x1b\x17\xa8\x24\xe6\x8b\x8a\x50\x53\xaa"
	"\x0d\xb3\xc9\x93\x03\xcd\xa2\xa8\xea\xc4\x8d\xde\x55\x80\xe8\x83"
	"\xd7\x27\xa6\x10\x04\xa5\xef\xb7\x11\x45\x37\x6e\x97\x50\x95\x0f"
	"\xea\x0c\xd2\x62\x5b\x6e\x22\x7d\x29\x08\xd8\x2f\xf3\x54\x2c\x16"
	"\x50\x6e\xf6\x15\xbc\x89\xcb\x55\x63\xef\x2b\x5e\x39\x97\xcb\x75"
	"\x64\x00\xb7\x2a\x64\xa1\x50\x41\x01\x3a\xe8\x0a\x90\xc2\xb0\xd6"
	"\x48\x5a\xcd\x5f\x19\x59\x6f\x17\xd6\x42\xf9\xf8\xd0\x24\x6f\xfb"
	"\x4a\xf9\x82\xa8\xb5\x42\x13\xe2\xa1\x95\x3b\xca\x73\x41\x75\x0e"
	"\xc9\x20\xe5\x0d\xe7\x30\x7a\x06\x76\x6f\x7e\xde\x05\xf4\x15\x53"
	"\x01\x82\xbe\xaf\xcd\x0e\xbe\x49\xa2\xa8\x83\x5a\x86\x42\x2b\x00"
	"\xa7\x0e\xf4\xa8\x36\x32\xfb\x9e\x4f\xa9\x88\x6c\xf4\x0e\x68\xc1"
	"\x0b\xcc\xb8\x16\x0a\x89\xdd\x99\xfd\x22\xed\x40\x11\xac\x5f\xc8"
	"\x99\xec\x20\x8c\x95\xed\x25\xf0\x7c\xb4\x81\x7d\xca\x06\xa3\x25"
	"\x08\xda\x29\x52\xec\x68\xe8\x0b\xa8\xa0\xf2\xde\xd6\xe3\xe0\x00"
	"\x40\xc6\x40\x79\xdd\x3f\xfd\x78\x7a\xf9\x85\xa9\xbd\xad\x21\xec"
	"\x36\x68\x2c\xd5\x54\x70\xe5\xb7\x8d\xeb\xe8\xa6\x3b\xbe\xb7\x3f"
	"\xaf\xd6\xaf\xbc\xa0\x97\x57\x55\x8f\x6d\x49\x87\x75\xb9\xed\x22"
	"\x05\x96\x45\x18\x81\x5a\xab\x18\x29\x2b\x4c\xd6\x31\xd7\x18\x40"
	"\x39\xa2\x64\x8b\x90\xc1\xa7\x9a\x56\x04\xcd\xcd\x8f\xc4\xe9\xd6"
	"\x9c\x4e\xab\x14\xf0\x68\x76\xda\xb0\x8b\x9b\x98\x28\xcf\x08\x44"
	"\x2a\x28\xec\xa5\xc9\xcc\x3b\x3e\xc8\xb9\x7e\xed\x38\x60\x0a\x48"
	"\x90\x44\x92\xcf\xd2\xa5\x2a\xbb\xac\xd3\x5e\x1f\x4c\xfb\xcc\x37"
	"\xbb\x3d\x34\x0f\x0f\x83\xda\x49\x58\x47\x45\x3b\x7d\x31\x9e\x75"
	"\xd5\xf0\x2f\x19\x74\x81\xdc\x94\x5b\xe6\x78\x37\x2c\xa0\x1d\x55"
	"\x0d\x3a\x4d\xcb\xc4\xff\xae\x76\xe6\x85\x80\xc6\x71\x53\x52\x0c"
	"\x1a\x54\x9b\x3f\x10\x8c\x2a\xc8\x11\x73\xa3\xf3\xb4\x94\x12\xd5"
	"\xe6\x38\x2b\x70\xa6\xbb\xee\x8b\x7e\x9d\x1e\x5e\x5f\xba\x68\x13"
	"\x16\x84\x9f\x16\x96\x9a\x84\xc1\xe1\x2b\xb1\xe2\x8f\x74\xc0\xd5"
	"\x95\x6e\x9f\xdc\x26\x43\x10\x0f\x1f\x89\x45\xd0\xb2\xb4\x16\xeb"
	"\x5c\x40\xe6\x29\x0d\xc6\x38\x6b\xb6\x58\xce\x7d\x32\xc6\x42\xf3"
	"\xe9\x14\x71\x24\x69\x39\x3a\xc4\x62\xbb\xfe\x22\x14\x73\x9b\x5c"
	"\xd1\xbf\x8e\xff\x6c\xf5\x4e\xbb\x34\x13\x61\xc1\x25\x88\x1d\xca"
	"\xd0\x3a\x94\xa3\x74\xda\x45\x01\x1a\xe3\xb0\x14\x72\xa1\x01\xac"
	"\x3b\x66\x00\x8b\x04\x99\x20\xe1\x3e\xf3\xf9\x99\x13\x8b\xa5\xdb"
	"\xd1\xb1\x2b\x91\x55\x4e\x5c\xc4\x02\x96\x93\x3c\x0f\x23\x05\xee"
	"\xd4\x11\xd7\xcc\xf6\x53\x4c\x48\x30\xcc\xda\x90\xf8\x88\xfb\x56"
	"\x98\x93\x3a\x44\x4c\x18\x24\x6d\x89\xd3\x10\x53\x2f\x31\xec\x75"
	"\x09\x00\xa0\xb2\xb5\x63\x28\x92\x62\x00\x59\xcb\xe7\x83\xa1\x96"
	"\xdd\xb2\x6c\x4f\xc3\x25\x42\x09\xbe\x6e\x5c\xc7\xb5\xdf\x28\xe6"
	"\x81\xef\xf9\x18\xf2\x12\x99\x4f\xa6\xf8\x28\x76\x74\x1c\x33\x8a"
	"\xcc\xd1\x77\xfc\x9c\x2c\x26\x88\xa9\x2f\xa7\x2d\xa7\x53\x77\x84"
	"\x86\x7c\xca\x3e\x98\x38\x88\x3f\x28\xa7\xcd\x3c\x44\xbe\x70\xf5"
	"\xdd\x77\x10\x7f\x6c\xca\x36\x0b\xdf\xf5\x50\xda\x8a\x4c\xff\x2d"
	"\x1b\x70\x6f\x86\x5a\x73\x7b\x4b\x17\x27\x2d\x30\xd2\x64\x8e\x1b"
	"\x95\xe3\x75\xcd\xf1\xba\xe6\x4b\x1f\x35\x45\x5f\xcc\x31\xd2\xd2"
	"\x43\x73\x2d\x11\xfc\x9a\x40\xd8\x54\xba\xb0\x87\xd8\xe5\x72\xb1"
	"\x8d\xb2\xb2\xea\x90\x16\x4b\x2c\x8e\xde\x62\x82\xf8\x22\x26\x7b"
	"\x2c\x7a\x7a\x5a\x10\x6f\xbf\x47\x6b\xce\x58\xe0\x4d\xe6\x2e\x4e"
	"\xc3\x80\x89\x80\x86\x20\x89\xf3\x0d\xcf\xc5\x5c\xb0\x81\xe6\xba"
	"\x18\x1e\x9a\x20\x2e\x50\x1a\xe6\x37\x0f\x76\x64\x33\xe4\xfb\xf3"
	"\xa0\xf2\x3d\x04\x42\x01\x68\x13\x04\x40\xa0\x20\xcd\xdc\xf0\xc7"
	"\x54\xb5\x9a\x2d\xa8\x03\x83\x23\x42\xbf\x8d\x73\xea\x74\x70\x96"
	"\x64\xd8\x20\xc8\xdb\xba\x7a\x94\x2c\x8a\x4d\x3f\x67\xd9\x62\x2c"
	"\x34\x14\x2a\x4c\x5e\x86\x23\x78\x51\x4c\x34\xdd\x59\xb8\xc1\x28"
	"\x19\x71\x39\xe8\xc8\x13\xea\x20\xa8\x5d\x92\xc3\xf5\x5c\x7f\x31"
	"\x46\x77\x16\xd4\x75\xbc\xd1\x12\x16\xd4\x99\x8e\x72\xcc\x5c\x3a"
	"\x43\x70\x1f\x04\x07\xaf\x01\xb1\x71\x92\xe4\xf9\x12\x71\x1e\x90"
	"\xe4\xc5\x6c\x81\x7e\x02\xcb\x82\xc9\x74\x62\xef\x81\x6d\x3c\x73"
	"\x1d\x73\x39\x22\xa2\x15\x9c\xc9\xbb\x7f\xf3\xe4\x7b\xc9\xa0\x09"
	"\x5c\x35\x67\xfc\xf6\xfa\x72\xba\x8a\x5e\x1e\x35\x49\x0c\x9b\x2c"
	"\x3f\x56\x07\xc4\x12\x3c\x87\x3c\xff\xfc\xf1\xf4\xd7\xd3\x40\x76"
	"\x2f\xfc\x99\xc5\x13\xe6\xfb\xf1\x59\x44\xcc\x90\x8e\xb4\x7a\x16"
	"\x96\x11\x7a\x80\x48\xed\xc2\x75\x16\xd1\x61\xa2\x19\xa2\xa3\x04"
	"\x01\x5d\x60\xf2\x8b\xdc\xa0\xb1\xa3\xb6\x77\x8b\xe5\x10\x0c\x2c"
	"\x79\x7a\xec\x7c\x7d\xc1\x3d\x4a\xda\xb5\x76\x5d\x45\x69\xd5\x11"
	"\x7b\x82\xae\x8f\xd0\xaa\xfd\x08\x23\x66\x63\x6b\x24\xfb\xf1\xa2"
	"\xf6\x7c\x38\x3e\x3a\xaa\x0f\x8d\x83\x78\xba\x72\x92\x3f\x73\x50"
	"\x12\xea\x2d\x35\x9d\x78\x2e\x4a\x9a\xcc\x70\x12\xa6\xd7\x4e\xa7"
	"\x4b\xaf\xc6\x69\x3e\x4e\x73\xd0\x2f\x9b\x79\x93\x1a\x55\xa2\x60"
	"\x0f\x99\xa1\xde\x4b\xd3\xd9\x62\x86\x66\x05\xf2\x72\x36\xa2\x84"
	"\x4f\xe7\x88\x46\x24\x48\x0b\x94\x34\x73\x71\x12\xfa\x95\x23\x2a"
	"\x86\x8f\x7a\xd9\x2d\x16\xc8\xf9\x23\xac\x4a\x06\xb8\x80\x76\x22"
	"\x9d\x4c\x3c\xc4\x28\x72\xe6\xf9\x48\x6f\xf2\x0d\x72\xea\xa2\x1b"
	"\xf2\x74\xe1\xa1\x7b\xe7\x64\x8e\x18\x2f\x03\x6d\xe9\xa1\x12\x98"
	"\xb7\xdf\x59\x78\x28\xae\xa1\xe4\x98\x4e\xe7\x63\x42\xd2\xe8\x83"
	"\xde\xe1\xf1\xf1\xe3\xf9\xf9\x77\x7b\x5f\xd5\x2d\xc4\xf8\xed\xf8"
	"\xbf\x1f\xc7\x97\x87\xdf\xbd\x9f\xdc\xbf\x00\xd7\x2f\x0c\xe9\x9f"
	"\x55\x96\x75\x5c\xd2\x82\x49\x98\x99\xdc\x9f\x5e\xdf\xfe\x0c\x9f"
	"\xde\x4f\x6f\x4f\xdf\x3e\xc0\x2f\xd0\x70\xab\x33\xd0\x7e\x24\xaa"
	"\xc6\xf7\xfb\xf7\xe3\x1f\x19\x2f\xe3\xf8\x78\x95\xbd\xbe\xfe\xbc"
	"\xfa\x0f\x5e\xf8\x7f\x5e\xfd\xd5\x57\xfe\xae\x54\xae\x17\x18\x73"
	"\xd5\xcd\xb1\xf8\xf8\x49\xf9\xf1\xf7\xef\xb7\xd7\xf7\x87\xd7\x9f"
	"\x47\x4e\x1a\x0a\x57\x71\x20\x75\x50\x49\x00\x54\x0c\x7e\xa7\xa3"
	"\xce\xc6\x8e\xba\xa8\xf8\xd9\xd7\x74\x32\xc5\x4e\xa4\x6b\x17\x3b"
	"\x00\x55\x8d\xef\x4c\x1d\x74\x75\xb6\xc7\xbe\xf5\x6d\x5d\x8e\x9c"
	"\xfa\x52\xb6\xf6\x8d\xb0\x91\x52\xbc\x1f\xef\x7f\x9c\xbe\x2b\x9b"
	"\x50\x97\xfa\x76\xba\xaa\x25\xea\xfb\xcb\xd3\xc9\xec\xc2\x38\x9a"
	"\x4c\xb0\xa5\x28\x68\x13\x6c\x75\xf8\xce\x88\xba\x0a\xc4\x21\xfa"
	"\x4a\xf2\xf1\xfc\xf4\xf8\x74\xfa\x6d\x1d\xcc\xdc\xf3\x11\xbd\x23"
	"\x4c\x18\xb2\x09\x26\xa0\x13\x21\x4a\x6c\xc2\xa8\x87\xac\xdf\x84"
	"\x35\x08\x85\xa6\x73\xec\x38\x09\x24\x6f\xd8\xed\x29\x5f\x33\x27"
	"\x80\xcd\x7c\x3e\xde\xbf\x7f\xbc\x1d\x9f\x8f\x5c\xd7\xf8\xe0\x3d"
	"\x6d\x99\xaa\x13\x67\x6c\x32\x4e\xd0\xeb\x8f\x94\xcf\x28\x74\xd6"
	"\xb4\x64\x6c\x47\xd8\xe4\xfb\x19\x76\x02\xda\xc2\x94\x9c\x8d\x4e"
	"\x49\x85\x07\xab\xa1\x9d\xb6\x19\xcd\x67\x21\xb5\x60\x90\x3e\xfd"
	"\xfd\xfd\x64\x5f\xbe\x5f\xc3\x03\xc5\x2e\x61\x48\xc6\x85\x36\x02"
	"\xaf\x45\xaa\x90\x2e\x31\xf0\x68\x41\xc4\x8c\xf0\x57\x89\x8b\xf9"
	"\xbe\x02\x09\x53\xc3\x72\xdf\x73\x11\x8c\x26\xa0\x21\xbb\x0b\x27"
	"\xf9\xc8\x99\x98\x93\x66\xc8\x3c\x03\xd2\x0c\xb9\x0a\x59\x57\x1e"
	"\xa9\xf8\x2c\x24\x8e\x63\x87\x77\x90\x1a\x1a\x60\xc2\x66\xde\xd2"
	"\x41\x8e\x8c\x3a\x13\x82\xc5\x2c\x88\x2e\xb2\xc9\x7d\xa5\x84\x9f"
	"\x55\x10\x50\x9e\xaa\x76\x50\x70\x62\x56\xa3\xb8\xc2\x5b\x2e\x32"
	"\x26\x01\xc5\x24\x0a\x17\x45\xc8\x80\x97\x15\xe3\x73\xc1\x5e\x6a"
	"\xc5\xdb\xe9\x39\x28\x99\xa6\xae\xeb\xfb\x28\x09\xf3\x5e\x60\x1b"
	"\xdf\x77\xb1\xcb\xa3\x43\xb3\x4d\x29\xd2\x6f\x2c\xa0\xfe\x04\xf1"
	"\xc6\x12\x34\x04\xfe\xaf\x1b\x31\xc6\x07\x05\x03\xc0\x13\xb4\x05"
	"\x4e\x9b\x23\x65\x73\xda\x64\xea\x63\xd1\x6f\xa6\xee\xc2\xb3\x1b"
	"\xa8\x6d\x83\x22\x43\xc7\x64\x1b\xe5\xd9\xcc\x41\xbc\xc5\xb6\xd9"
	"\x0c\xbb\xea\xbd\xe3\x83\xe9\x79\x16\xa0\xa2\xfc\xfe\xef\x97\xe3"
	"\x49\xde\x59\x5b\x85\xc9\x06\xf5\x9a\x11\x24\x44\xe9\xdd\x38\xcb"
	"\x25\x22\x80\xda\xab\xe5\x9c\xac\x8b\x11\xd9\x7b\xe6\x41\xaf\x44"
	"\xc9\xda\x77\x71\x10\x7d\x7f\x6a\x40\x4a\x98\x72\x55\x14\x8e\xab"
	"\x03\xdd\xd4\x48\xf2\x60\xba\x98\xf8\x68\x53\x4d\x3e\xa3\xb9\xb2"
	"\x93\xcf\x81\x67\x06\x47\x65\xe3\x11\xb7\xdd\xfb\x1e\x7e\x3c\xbd"
	"\x0c\x06\x45\xd3\xe0\x7e\xbe\x9e\xf8\x8e\xf8\x64\x7d\x6d\x98\x62"
	"\xf1\xe6\x42\xea\x2e\x1c\xf4\x4e\x6b\x3a\x41\x64\xb1\xa4\xcd\x51"
	"\xbd\x1c\x13\x88\x40\x73\x7d\x5c\xd7\xc7\x96\x07\xab\x32\xab\x9e"
	"\x63\x7e\xfb\xfb\xe9\x5e\x57\x07\xb2\xbc\x5a\xba\x8e\x45\x89\xab"
	"\xde\x8e\xef\xa0\x45\x58\xa7\xf8\xaa\x72\x66\x4e\xbe\x46\x66\x62"
	"\x85\x3d\x74\x24\x15\xd6\x95\x55\xe6\xba\x23\x77\xfd\x92\x8c\xce"
	"\xeb\x2a\xe3\xf3\x1a\xf3\x86\x9b\xa2\xf7\x8e\x9c\xe4\xcf\xc7\x26"
	"\xbc\x88\xcf\x6b\xef\xef\x29\xa6\xab\x26\x95\xe7\xcc\xec\x9f\x71"
	"\x57\x11\xbe\x41\xcf\xec\x7a\xc9\x0b\x40\x73\xd8\xfa\x9a\xfa\x4b"
	"\xfd\x4a\xb9\x1d\x9e\xd7\x5f\x4f\xcf\xa0\xc1\xca\x2b\xa8\x77\x89"
	"\x7f\x62\x29\x40\x6c\x9f\xe8\x5e\x97\x86\xa4\x06\x0b\xcf\x08\x03"
	"\xf2\xaa\x63\xc0\x3e\x41\xae\xfa\x68\x1d\x23\x6a\x39\xdd\xf3\x3a"
	"\x1d\x34\xd3\xe2\xdf\xc4\x1b\x71\x6d\xe7\x0e\x76\x7c\xfe\x09\xc7"
	"\x46\x64\xd6\xf2\x35\x99\xe6\x07\x11\x4c\xb9\x0c\xca\xa6\x42\x5c"
	"\xa3\xf3\x6c\xbf\x74\x66\xc8\xd6\x28\x89\xd8\xe5\x6a\x5e\x39\xc8"
	"\x63\x9d\x20\xcd\x91\x5d\xef\x96\x22\xa3\x23\x48\xc8\xa6\x57\x30"
	"\xbb\x63\xc1\x36\x8f\xcc\x20\x43\x7d\x3c\xa0\x5c\x0d\x0e\x94\x0f"
	"\xa1\xb9\x21\x11\x9c\x73\x62\x66\x37\xd6\x04\xba\x88\x97\xb0\x98"
	"\xda\xcb\x97\x86\x4d\xd5\xda\x2c\xd4\x0c\x58\x2b\x65\x76\x7d\x73"
	"\xf5\xf0\xfd\xe9\xa7\x82\x25\xd5\x4d\xd9\xfa\x06\x02\x9e\xeb\xf6"
	"\x0d\x6b\xd5\x32\xb1\x4d\x80\x31\x3d\x14\xf5\x17\xd7\x4c\xdf\x7a"
	"\xf9\x90\x79\xeb\xdb\xd2\xf8\x31\x96\x62\xe9\x00\x99\x65\xa5\x91"
	"\x20\x33\x1f\x15\x92\x72\xd7\x86\x46\x6a\x8d\xe7\x7a\xc5\xaf\x66"
	"\x29\x13\x78\x27\x51\x1d\x54\x8d\x91\xaf\x0a\x87\xd6\x7f\x39\x62"
	"\xce\x9b\x56\x24\xd8\x20\xa3\x0b\x76\x59\x0c\xde\xf3\x59\x5d\x66"
	"\x99\x6e\x30\x2d\x69\xd2\xc0\xa4\x44\x24\x9a\xe4\x91\x46\x71\x58"
	"\xac\x84\x38\x1f\x5e\xf7\x54\xc9\xed\x15\xfd\xf8\xf6\x2e\x4c\xfc"
	"\xcf\x43\xd8\xda\x92\xea\xf1\x8f\x21\x84\xf1\xc0\x05\x7e\x15\xb4"
	"\x56\xe8\x10\x0f\x1b\x58\xec\x53\x8f\x67\xad\xf6\xe4\xe0\x2d\x8a"
	"\x5c\xc4\xbc\xfe\x9c\x0b\xca\x43\xb9\x02\x3e\x8f\x2b\x14\x74\x0c"
	"\x38\xc0\xdb\x24\x29\x8b\x08\x3c\xae\x67\x33\x44\x96\x89\x78\xd0"
	"\xd2\x84\xf5\x66\xe1\xcc\x26\x07\x4a\x18\x19\xe7\x4c\x05\xe7\xfe"
	"\x02\xce\x1b\xc4\x66\xf6\xcc\x60\x7e\xa2\xc9\xd0\x18\xeb\x1b\x2c"
	"\xb2\x02\xc4\x2c\x27\x0f\x86\x97\xe9\xd5\xf1\x0d\x30\x6a\xc5\xd6"
	"\xf2\x2c\x2f\x6d\x6c\xc8\x6f\xb0\x30\x02\x08\x67\x95\x37\xa8\xab"
	"\x4f\x10\xd8\xec\xa9\x80\x52\x0d\xbd\x90\x42\xda\xa0\x85\x49\x9f"
	"\x01\x8f\x4f\xf5\x06\x82\xc8\xd1\x71\xb7\x02\x8b\x87\x53\x15\x99"
	"\x65\x77\x4b\x80\xd0\xce\xe4\x68\x88\x13\x65\x86\x97\xee\x60\xa2"
	"\x56\x29\x44\x2a\x00\xc3\x57\x8c\xa6\x62\xdd\x1b\xb9\x3a\xbc\xd1"
	"\xeb\x6f\x4f\x10\x66\xe2\xbf\xbe\xff\x5f\xfb\x8f\x7f\xbe\x3c\xca"
	"\x7f\x5d\x0f\x81\xa9\xce\x35\x5a\x1d\xb1\x4c\x18\xab\xa8\x08\xc1"
	"\x26\xba\x2c\x37\x7a\xa4\xa5\x74\x55\x6c\xc3\x34\xcf\x11\x93\x14"
	"\x5b\xec\x85\x0e\xe6\xff\xbc\x09\x6d\x85\xf1\x28\xec\x23\xa8\x9b"
	"\x44\x5c\xd5\xaa\x6b\x41\x9b\x05\x1e\x42\x69\x48\x7a\xcf\xd5\x64"
	"\x77\x75\x7a\xbb\x7f\x10\x4a\x90\xb9\x1d\x50\x96\xeb\x18\x50\xb9"
	"\x8c\xc0\x8c\x1c\x7b\x79\xe9\x65\x03\x76\xd6\x96\xc0\xe2\x36\xb6"
	"\xf1\xd8\x26\x12\x07\x95\xd9\xa1\x81\x00\x30\x0a\x81\x56\x45\x02"
	"\x71\x46\x91\xdd\x50\xb3\xac\x74\x9c\xab\xb4\xb4\x0d\x00\xcd\xd2"
	"\x9c\x8b\x7f\x8d\x53\x26\x49\x43\x67\xc3\x83\xc2\xc2\x52\xac\x35"
	"\x03\xfd\x08\x01\x39\x6b\x8f\x68\x54\xc5\x0d\x69\x13\xb5\xca\xbb"
	"\x70\x84\x14\x82\xb7\x35\xa3\xc7\x3d\xae\x11\x62\xaf\x68\x2a\x8b"
	"\x7f\x09\x0b\xf8\x3f\x78\x17\xd4\x06\x7c\xa3\x6c\xf1\xae\x5d\x20"
	"\x17\x16\x86\xdc\xd0\x74\xb1\xe3\x03\x08\x5d\x52\x43\x4c\x9d\x2c"
	"\x6c\x63\x92\x8d\x16\xcc\x55\x29\xe6\xef\x67\x97\xf0\x1c\xbc\x20"
	"\xb9\x88\xef\xb3\x4f\x56\xf8\x2e\x2e\x73\x97\xc6\xe9\xc5\x8c\x17"
	"\x97\x2a\x54\x8e\x8b\x38\xb3\xb0\x94\x26\xea\x17\x71\x07\x75\xc0"
	"\x3b\x3f\x0a\x36\x17\x71\xcb\xe8\x96\x94\x40\x34\x24\x04\xf8\x5c"
	"\xcb\xf2\xab\xfd\x4a\x99\xaf\x29\x36\x45\xb9\x2b\x0e\xee\x25\xdf"
	"\x3c\x9b\xa6\xf1\x45\x6d\x6a\x8a\x6e\x4a\x95\x6c\x7d\x51\x0e\xe9"
	"\x59\xc2\xa7\x73\x53\x85\x84\x5d\xd6\x4f\x09\xc9\xb2\xde\xbf\xe8"
	"\xf3\x05\x30\xb9\x80\xc5\x9c\x7d\x83\x7b\xde\x35\x3f\x3c\x39\x6a"
	"\x2c\x58\xae\x5f\x35\x19\x18\xee\x4b\x44\x6c\x65\xab\x04\xcf\x81"
	"\x98\x80\xad\x95\xa2\x42\xca\xbb\xfd\x4c\x21\x9c\x77\x34\x41\x2a"
	"\x3b\x12\x7a\x61\x0a\x78\x02\xa3\x4c\xf2\x2e\x6e\x61\xe3\x39\xdf"
	"\x96\x4d\x67\x8e\xbf\xb7\x35\x83\x56\x99\x33\xff\xb4\x11\x64\xb9"
	"\x1f\xe7\x69\xc7\x1f\x10\xcc\x0e\xe0\xe1\x03\x91\xc2\xb0\xf0\xb3"
	"\x3d\x00\x9c\x88\x89\x28\xf7\x63\x30\x7d\xaa\x78\xb7\x8b\x5c\x87"
	"\x0c\x71\x7c\xe8\x73\x26\x99\x9e\x21\x86\xa8\x64\xb2\x34\xdc\x5e"
	"\x84\x42\x44\xdb\xbc\xc4\x4c\x95\xba\xc2\x43\x40\x3c\x2f\x2b\x86"
	"\x28\xed\x1d\x5b\x87\x8d\x3e\xe0\xec\xf6\xd4\x2c\xad\x78\x23\xb7"
	"\x42\x6f\x92\x46\x78\xb6\xfe\x87\x0b\x5f\xdf\xf3\xa7\xa3\xdd\xdb"
	"\x33\x81\x14\x1c\x63\xcc\x2a\xea\x79\x49\x32\x32\x17\xa4\x1b\xed"
	"\x9a\x9a\x07\xc2\xd6\x94\xbf\x73\xf1\x5f\x43\xc3\x8b\xb2\xfe\x72"
	"\xfd\xfc\xfe\xfc\xc7\xfd\xe3\xdb\xf1\xe5\xf5\x8f\xd3\xbf\xae\x07"
	"\xc5\x98\x7e\xfd\x60\x5b\x43\xc5\x48\xc8\x12\xf5\x60\x6e\x22\xc6"
	"\x16\x9c\xb5\xd6\xb7\x60\x38\xc6\x55\x95\x90\x8d\xa0\x96\xf2\xe9"
	"\x14\x36\x01\x1f\x54\x79\xbc\x3e\x8f\x41\x4b\x07\xa7\x0c\x30\xd7"
	"\xc6\x30\x68\xa2\xe0\xb0\xa2\x36\x7f\x39\x81\xfc\x2f\x0b\x51\x35"
	"\x86\x60\x00\x91\x1a\x05\x3d\xee\xbe\x56\x6c\x2e\x52\x91\x80\xa3"
	"\x82\xc6\x95\xa2\xbb\xe8\x8b\xf3\x8b\x38\xc2\x11\x53\xcb\xbd\xe5"
	"\x67\x75\x44\x11\x06\x32\x5f\x11\x4d\x65\xd6\xd8\x0e\xa9\x8c\x45"
	"\x5d\x95\xf6\x10\x7f\xc0\x18\xed\x7b\xfc\x0b\x7a\xff\xfc\xfe\xc1"
	"\x75\xd4\xf8\xfe\x81\x9f\x85\x7e\x5f\xc5\x32\xfc\xb7\xe6\x89\x7e"
	"\x2e\x7a\xe8\x0d\xdf\x66\x0f\x8f\xdf\x3e\xfe\x16\x90\xd0\xe7\x02"
	"\x94\xec\x19\xf8\x07\xaa\xce\x83\x4a\x22\xe0\xae\xb6\x8a\xad\xf9"
	"\x41\x1d\x87\x45\xef\x35\xb8\x32\x00\xa8\xd8\x68\x78\x06\x1d\x09"
	"\x22\x8a\x47\x17\x30\x70\x9d\xb5\xa5\x6b\x6d\x90\x54\xe9\x17\x5d"
	"\x16\x65\x1c\x03\xa0\x0b\xb2\x72\xfa\xe9\xd1\x02\xc9\x1a\xde\x6c"
	"\x16\x32\x5c\xa1\xa0\x51\x03\x6d\xfc\xe0\x8b\xb8\xf5\x3e\x61\x07"
	"\x78\x03\xce\xfc\x09\x57\x18\x6c\xe9\x05\x6c\xf2\xd3\x3f\xe7\x8b"
	"\x9b\x28\x5b\x93\x66\x1d\x99\xbc\xc3\xaf\xe1\x67\x1d\x62\xec\x31"
	"\x26\xb1\xc5\x84\xff\xa4\xce\xac\xdc\x5d\xd2\x32\xa1\x4a\x44\x75"
	"\x5d\x62\x0b\x42\x48\x09\x79\x61\xd4\x2d\x6f\xad\x1c\x93\x3e\xb6"
	"\x34\xf9\x88\xa6\x55\x12\xd5\x5c\xf0\xb7\xae\xd2\x41\xb2\xd1\x67"
	"\x1d\xf8\x26\xb7\x1f\x10\x6d\xa3\xac\x65\xb0\xf5\xfd\x2e\x64\xa3"
	"\x5d\x29\x7c\xd9\x19\xa1\x1b\x70\x51\x0a\x36\x16\x49\x25\xf0\xf5"
	"\x00\x26\x16\xa2\x20\x96\xf6\x6a\xc2\xb2\x11\x28\x2f\x75\x14\xa1"
	"\x5d\x29\x8a\xc8\x22\xb2\x41\x9d\x00\x37\x7c\x3b\xe0\x1f\x03\x42"
	"\xfb\x50\x44\x02\x5b\xd9\xd2\x95\x01\xd8\x3a\x82\xf8\x63\x11\x5a"
	"\x92\xd2\x78\x30\x1d\xee\x9b\xae\x0a\xed\xb2\x64\xe0\x95\x35\x0c"
	"\xf6\x1c\xdd\x46\xc0\x8e\x14\x2b\xa1\x16\xc0\x65\x09\xc0\x49\xc1"
	"\x69\x99\x7e\x99\x9f\x2f\x6f\xd6\x25\xd5\xeb\x01\xe7\x28\x63\xf0"
	"\x34\xe0\x92\x2e\xa5\x3d\x75\xb9\x1d\xc6\xec\x97\xe9\xf0\x63\x48"
	"\x55\x51\x01\xb0\xd7\x86\x89\x37\x65\xf0\xf6\xdb\xc7\xfb\x55\xf1"
	"\x7a\x12\xe6\xb1\x43\x60\x8e\x2d\x1c\x79\x87\xde\xf3\x5a\x72\xdb"
	"\x61\x7a\xfb\x6e\x1a\x19\xae\xde\x4c\x3a\x34\x51\x9c\x62\xe9\x7c"
	"\x0f\x4e\xc0\x15\x32\x8f\x8a\x41\x27\x2b\x5c\x0d\xbe\xcb\x48\x2e"
	"\xe1\xdb\x1b\x90\x42\x70\x2a\x95\xed\x52\x16\x24\xe6\xef\xce\x9f"
	"\xad\xd7\x3c\x1b\xe8\xcf\x34\xbe\xd5\x9c\xff\x0e\x75\x9a\x0d\x9c"
	"\x7e\xc5\xa6\xd9\x86\x9f\x1d\xa4\xaa\xdd\xa6\x75\x39\x59\x05\x57"
	"\xe5\x20\x4a\x08\x38\x12\xad\x02\x1b\x6f\x8b\x58\x8b\x65\x39\x9b"
	"\xe7\x0f\x72\x72\xad\x92\x95\x4a\x46\xad\x43\x21\xab\x64\xc0\x36"
	"\xd8\x73\xe1\x57\x9b\xa6\x48\x99\x52\xd2\xa0\xaa\xe4\xe3\x1b\xde"
	"\xc2\xa4\x59\xd9\x9a\x07\x79\x82\xd7\xb7\xe3\x68\x46\xa1\xba\xe1"
	"\xb9\x5f\x5e\x44\xf0\x80\xe3\x09\xfe\x8c\x7c\xa9\x2c\xa9\x08\xc7"
	"\x3e\x76\xbc\x48\x2b\xf7\xea\x95\x2f\x1d\xfe\x9b\x3d\x3d\x1f\xc1"
	"\x72\xfc\xe1\x7f\xc6\x3f\x06\x44\x48\x80\x7d\x8d\xa5\xb0\x23\xff"
	"\xf9\xfc\xfa\x78\xfc\xec\xd3\x44\xb9\x10\x2c\x69\x74\x30\xc1\xd4"
	"\xdb\x3a\x92\x79\xc3\x0f\x0b\x32\x28\xaf\xd2\x70\x79\xae\xd4\xb0"
	"\x2c\xf8\x2f\x1b\x98\x06\x24\x27\x5b\x23\xa1\x3f\x7d\x85\x6a\x11"
	"\x49\x1a\x04\x4d\x25\x30\x9f\xd6\xfa\x03\x0b\x54\xc7\xbf\x89\x0f"
	"\x92\xc8\x6f\xbf\x5f\x87\x82\x1b\x02\xb7\x65\x62\xf1\xe2\x4c\x5d"
	"\xed\x92\x19\x71\x27\x84\x2a\xc3\x88\xb7\x8f\xef\x0c\x9f\xd5\x4a"
	"\xe2\x80\x6f\xc7\x0c\x39\xe2\x08\x96\x16\x14\x78\x70\x95\x6b\x34"
	"\x1f\xba\x55\xee\x31\x03\x75\x5d\x71\x82\x92\xdd\x14\x00\x5e\xa3"
	"\x89\x5e\xa1\x97\x97\x95\x7c\x37\x16\x6a\x09\xdf\xf9\x6b\xc3\x17"
	"\x58\x9b\x03\x94\xa5\xf6\xe9\xc9\x09\xba\xfc\x4a\x8b\xaa\x61\x30"
	"\xab\x00\xc3\xdc\x14\xc5\x1a\x51\xec\xbd\x88\x34\xd6\x19\x6f\x82"
	"\xf1\x82\x68\x46\x53\x54\x15\x30\xea\x64\x9b\x0b\x39\x2d\xf8\x4f"
	"\xba\xde\x14\x77\x60\x05\xc6\xf1\x4a\xa1\x58\x5a\xae\x91\x47\x1b"
	"\xae\x71\x1a\xed\xee\x6f\xc7\xa1\xc5\x7d\xdb\x6d\x0a\x15\x13\xe0"
	"\x1b\x9a\x62\x23\x73\xb1\xb2\x09\x12\x1a\x70\x2d\xaa\x38\xb0\x20"
	"\xcb\xb7\xde\x68\x05\xad\x76\x28\x72\x29\x08\x96\x4a\x21\x42\xbb"
	"\x83\x31\x1d\xd6\x25\x75\x9d\x91\x9b\x2e\xbd\x1c\xae\x8c\xc6\x65"
	"\x16\x22\xd0\x2b\xfd\xe5\x31\x57\x4a\xf8\xc9\xb1\x4e\x0b\xe5\xc3"
	"\x95\xc4\xb6\xc9\xfa\x00\xb4\x59\x55\x86\xf1\x1b\x6a\xa5\x3c\xb9"
	"\xf4\x2e\x66\x37\xc6\x76\x84\xd3\xc4\x01\xb7\x56\xce\x36\x17\xd7"
	"\x5c\x00\x30\x44\x86\xd9\xeb\xd8\x72\xf8\xde\x4a\xbc\xb7\x77\xc8"
	"\x99\x9f\xde\xc5\xde\xac\x98\x87\xfa\xcd\x76\x3c\x31\x9d\x38\xce"
	"\x62\xa4\x13\x22\x36\xd5\xa3\x18\xf6\x84\x60\xb6\xdf\x8f\x16\x1e"
	"\xb1\xf9\x67\x1c\xd9\x67\x1c\xeb\x9d\xff\x19\xc3\x72\x3a\x5d\x0c"
	"\xed\xdd\xe0\xe1\x9a\xfd\xfe\x79\xe4\x8a\xd2\xfd\xcb\xfd\xdf\x7d"
	"\x5c\x7a\x6d\x0b\x5c\x1d\xd8\x6d\x05\x4a\x79\xbb\x84\x87\xbb\x5f"
	"\x1a\x1f\x82\x95\x22\x45\xfa\xb2\x61\xe3\xbb\x7a\x90\xda\xdb\xa0"
	"\x64\x20\xaa\x85\x9d\xdf\x97\x81\x50\x95\x59\x8a\x78\x93\x43\x93"
	"\x04\x2c\x6b\xb4\xbf\x2d\x4a\x24\xda\x48\xf8\xc9\x3e\xd3\x47\xe5"
	"\x10\xbb\x30\x60\x29\x4c\xa6\x0a\x34\x6c\x68\xd3\x6b\xf3\x38\x04"
	"\xc6\xb9\xab\xc5\x8b\x57\xd7\x7c\xcc\x27\x5f\xcc\x16\x98\x1f\xaa"
	"\xca\x9a\xa4\x60\x75\x02\x06\x2a\xc6\xf3\x85\x85\xb7\x28\xb7\x7c"
	"\x7f\xde\x1c\x0a\xb8\xfc\xf7\xfc\x36\x16\x6d\x6f\x72\xb1\x96\x8e"
	"\x9e\x07\xea\xe5\xd5\xca\xf1\x87\x72\x4b\x5c\xd1\x23\x5b\xbb\xa0"
	"\x09\x99\x27\x70\x6b\x8c\xbd\x4c\x09\x5f\x22\x3b\x0a\x0c\x77\x26"
	"\xb3\xc5\x28\x0f\x74\x26\x62\x03\xaa\x7e\x15\x3c\x9e\xf2\x0e\x9b"
	"\x06\xcd\x74\x66\x0b\xca\x21\xb5\x98\xae\xbf\xd5\xc4\x55\x10\x4a"
	"\x57\x47\x0d\x84\x45\x90\x6e\xac\xfa\x42\x6f\xab\xc7\xe0\x11\x48"
	"\x07\xf5\x61\xd8\x64\x32\x39\x4c\xf1\xd6\x13\x30\x99\x06\x0c\xd6"
	"\xed\x08\x08\x9d\x7a\x66\x82\x89\x00\xad\x28\x8b\x11\x99\x0e\x1c"
	"\x7c\xc9\x01\x9a\xbc\x9d\x1e\x07\xdd\x50\xa0\xf9\x59\x14\xad\x6b"
	"\xc4\x02\x17\xe8\xe2\x65\x1c\xae\x63\x6d\x37\xe8\xfd\x9d\xd3\xf8"
	"\x62\xb8\x13\x20\x66\xfb\xc3\x1d\x9b\x4f\x91\x48\xce\x08\xfb\x0c"
	"\x71\x69\xe0\x33\x54\x84\x6c\x82\xa9\xe3\x7b\x5c\x46\xac\xcb\x4b"
	"\xf9\xb0\xfb\x3b\x2b\xab\x3f\xf6\x98\x1d\x05\xd2\xfa\x4f\x5c\x48"
	"\xf6\x27\x19\xd1\x13\x88\x90\x33\xe7\xb0\xfc\xdd\xdf\x1c\x9b\xba"
	"\x86\x94\x7f\x21\xf6\x84\x2d\x33\xef\x08\xeb\x5f\x30\xe0\xa5\x65"
	"\x88\xf0\x66\xe6\xe8\x5f\xd9\x57\xcd\xe8\x03\xca\x59\xe2\x97\x15"
	"\x1d\x2b\xb0\x5d\x67\xbc\xa9\xe3\x82\x55\xfb\xf6\x30\xad\x79\x8b"
	"\x25\xd9\x72\x1b\xf3\xed\xfe\x74\x3a\xbe\xfd\x1e\x5a\x6f\xac\x08"
	"\xe3\x1f\x7c\xab\xbc\x0e\x9c\x4d\xbf\x74\x12\x3c\x67\x80\xdd\xed"
	"\x6d\x36\x22\xc9\x20\xb2\xd4\xf6\x6e\xc7\x93\x82\xa8\x42\xf0\xfd"
	"\xba\x07\x45\xc1\x6d\x8d\x42\x19\x55\xea\x87\x28\x28\x0f\x12\xbf"
	"\xb9\xe1\x92\x75\x75\x7b\x30\x8c\x23\xce\xfb\x98\x78\x63\xed\x9b"
	"\x1f\x62\x96\x5c\x70\xee\x82\x83\x4d\x67\x96\x07\x65\xb2\xc8\x8a"
	"\x72\xdc\x95\x15\xa4\x34\xd4\xa3\x63\x4a\xd4\x39\x40\x07\xfb\x8a"
	"\x81\x28\x06\xd4\x75\x9c\xc3\xd7\xaa\xb0\xf4\x8a\xda\x94\x76\x64"
	"\xcd\x69\xdb\x77\x7f\x95\xe3\xdb\x48\xc7\xd4\x35\x94\x1f\xd8\x71"
	"\xfc\x71\x93\x79\xec\x85\xad\x9b\x8c\x54\x44\x42\x22\x15\x09\x52"
	"\x06\xd6\x77\x7b\x04\x87\xe3\x50\x62\xb3\x1b\xb4\x06\x54\xb2\xf0"
	"\x6a\xb8\xb4\x62\xd1\xb8\x80\x25\x7c\x53\xd8\x00\x28\x24\xa9\x01"
	"\x49\xea\xb0\x43\xae\xd4\xc5\x2b\x07\xde\x57\x3b\x61\x99\x25\xea"
	"\xc4\x67\x61\xd7\x39\x5c\xf7\x82\x3b\xf7\x28\x30\x90\xc8\x6d\x74"
	"\x90\x1b\xbc\x8d\xa8\xc4\xb0\xe6\x59\x79\xab\x51\xe6\xf6\x7e\x15"
	"\xe9\x6f\x65\x6e\x8e\xac\x39\x90\x3d\xaa\x58\xb4\x9b\xee\x25\x07"
	"\x92\xad\xcb\x3a\x65\x49\x3e\xd2\x21\x36\xd5\x32\x4b\xf3\xf4\x2c"
	"\x7c\xf8\x2e\x57\xc3\x9f\x80\x64\xf6\xdb\x11\x81\xc3\xce\xda\x17"
	"\xd1\xb1\x76\x97\x8c\xff\xb7\x8d\xea\xf6\xfe\x01\x56\x68\x90\xf0"
	"\x2a\x90\x71\x85\x8b\x1b\xa8\x98\x7a\x84\x66\x98\x77\x38\x1c\x1f"
	"\xdb\x6f\x41\x1c\xda\xc2\xd5\xf9\x53\x5a\xd9\x60\x57\x86\xdb\xd5"
	"\x0f\xbd\xcb\x93\x0a\xd1\xd4\xc4\x30\x55\x33\x76\x81\x64\x2b\xec"
	"\xc0\x6c\x66\x5a\x3b\xb2\x89\x9a\xaa\x0f\xf0\x36\x38\x55\xc4\x4f"
	"\x10\x52\x53\x58\xf2\xaa\x20\x75\x12\x12\x6f\x57\xf2\xbd\x56\x46"
	"\x51\xd0\xf5\x54\x5e\x52\xdd\x54\x2c\x15\x8b\xd8\x08\x1e\xd9\x5d"
	"\xba\x13\x70\x34\xe0\x8b\x2f\xa6\xa0\xd0\x6b\x57\xdb\x3c\x29\x2d"
	"\x73\x3d\xcc\x63\xb4\x67\xde\x01\xb9\x88\xe2\x34\xff\x60\xb5\x37"
	"\xe4\x14\xbe\x37\x2b\x2f\x12\x22\x01\xa4\x02\x58\x33\x40\x99\x06"
	"\x09\x5a\x53\x52\xae\xb9\x68\xe6\xdc\x1d\x49\x28\x72\x5c\x16\x19"
	"\x0d\x9b\xf0\x35\x21\x50\x26\x31\x6b\x0c\xc1\x83\xbd\xd5\x7c\x5d"
	"\x85\x9e\x5a\x20\xfc\x46\x99\x01\x3c\x7a\x25\x7a\x5f\xb7\xe6\x4e"
	"\x29\x58\x95\x62\x1d\xf4\x15\x27\xed\x71\xd2\x3a\xa6\x68\x97\x97"
	"\xc1\x08\x71\xc5\x46\xda\x52\xa4\xd9\x30\x6b\xf7\x75\x9e\xc8\xa7"
	"\xcc\x04\x48\x80\x57\xaa\x61\x2a\xff\xdf\x9e\xaf\xa8\x7a\x98\x6c"
	"\x19\xc0\x8e\xa4\x0c\xa0\x5e\x43\x9d\x72\x45\x06\xee\xa6\x54\x68"
	"\xa0\x2e\xd7\x79\x74\xd5\x4e\x97\x54\x61\xc9\x91\x16\x5f\xa5\xea"
	"\x86\x7f\x93\xb0\xa5\x01\xe7\xa1\xd4\x56\x43\x76\x57\x5a\x13\x6b"
	"\xf5\x25\xea\x9c\x3e\xb1\x26\x26\xc1\x30\xf9\x8e\xb2\xd0\x48\x4d"
	"\xcb\xf6\xd9\x4f\x4d\x6c\x8a\x98\xa4\xf5\xa1\xde\x51\xf5\x6d\x2e"
	"\xaa\xcb\x6e\x40\xce\x73\xb9\x4d\x43\xa7\x68\xcf\x60\x0c\x4f\x9f"
	"\x6e\x5b\x60\x1d\x6d\x38\x40\x3d\xe9\x4e\x75\xff\x38\x17\x06\x91"
	"\x72\x36\x60\x62\x49\xc2\x4f\xc8\xfc\x98\x5e\xd5\x1a\xc0\x2a\x7c"
	"\x85\xd5\xac\x19\x13\x03\x20\x33\x8d\xee\x68\xd3\x5a\xe3\x3f\x43"
	"\x11\xe9\x6f\x00\x33\x81\xe9\xbd\xd1\x50\x99\x01\x48\x95\x88\xed"
	"\xd1\x4e\x37\x67\x9e\x2d\x19\x76\x4f\x8a\xd1\xd2\x22\x4b\x8b\x48"
	"\x02\xe0\x6a\x3c\xf0\x24\xa8\x4b\xb1\x3e\x71\x4c\xf2\xb4\x1c\xab"
	"\x26\xe5\xda\x34\x3f\xf3\xa7\xeb\x82\x30\x7e\xb2\xd5\x1a\x20\xb6"
	"\x6a\xf5\xb9\xd1\x4c\x48\x65\x42\xf7\x9c\x79\x6e\x02\x91\x04\x9b"
	"\x41\x55\x53\x32\x35\x88\x09\xfc\x3c\x14\x11\x13\x00\xd1\x62\xbb"
	"\x89\x35\xd4\xd8\xf6\x0a\x53\xb0\xed\x48\x5d\x98\x21\x42\x04\x01"
	"\xfb\x50\x49\x65\xfc\x1c\xab\xe5\x89\x73\x76\xd8\xba\x36\x7e\x41"
	"\xf1\x8c\xe6\x05\x4c\xdb\x6f\x21\xe2\x71\x4c\x27\x98\x50\x94\x64"
	"\x44\x28\x8a\xed\x4a\x9b\x74\x81\x01\x12\x7d\x36\x62\x13\x21\x39"
	"\xb0\x5a\x44\x49\xab\x2a\xb6\x54\x02\x5a\x44\x46\x6e\x8d\x7a\xce"
	"\xa9\x7c\x8b\x69\x4f\x7b\xfc\xcf\x68\xfe\x33\x27\xc9\x76\xe4\x96"
	"\xc2\xb5\x79\x56\xee\x90\x62\xc1\x71\xc1\xae\xd6\x2b\x4c\x7b\x3e"
	"\x65\x44\x17\x7d\xc6\x98\x83\x2a\x5c\x56\x56\x20\x54\xbe\x2c\xc4"
	"\x53\x3c\x5c\xe4\xf7\x4e\x1d\xc1\xfd\xc3\x77\x3d\x54\x71\x4c\xc5"
	"\xee\x3a\x04\x91\x0a\xff\xa8\xcb\xfc\xcf\x70\x1b\x0a\x9d\xe8\xac"
	"\x12\x29\x3a\x5c\xb9\x9c\xcd\x1c\xac\xf3\x9b\x30\x36\x48\xd2\x1d"
	"\xb7\xa4\x7f\xc6\x84\xfd\x19\xed\xe1\xff\x0b\x66\x94\xde\xaf\x0d"
	"\x7d\x07\xcc\x29\xcf\xa7\xa5\x6c\x4d\x16\xf8\xdd\x59\x1a\x06\x5c"
	"\xe9\xad\xf8\x01\xe0\xcb\xc4\x9f\xdb\xe8\x69\x09\xba\x27\x8d\xd8"
	"\x97\xeb\xa7\xf7\xd7\xc5\x62\xba\xfc\xc3\xbd\x56\x57\xe6\x99\xb5"
	"\x61\xb1\xed\xf6\x1c\x58\x3a\x6b\x4d\x73\x5b\x36\x49\x70\x12\x4a"
	"\x8b\x66\x7f\xc8\xc8\x2a\xca\xbe\x5c\x7f\xfc\xe3\xf5\xdb\x7f\x1f"
	"\x1f\x4e\x87\xb7\x7f\xbc\x3f\x3e\xdc\xbf\x3d\x1e\x8e\xbf\x4e\xc7"
	"\xb7\x97\xfb\x1f\xff\x78\x77\xae\xd5\x62\xfa\x6b\x0f\xa6\x21\xa0"
	"\x03\xa9\x11\x6a\xb1\x1a\x5a\xce\xec\x10\x99\x72\xd6\xfd\x62\x32"
	"\x60\xe7\x47\x03\x72\x0b\x6f\xa7\x11\xc8\x07\xde\x66\xdd\xc4\x2a"
	"\x54\xdb\xc0\xc9\x98\x6e\xdb\x15\x86\x77\xbe\xce\xa1\x74\xff\xc7"
	"\xe9\xaf\xc5\xb5\x59\xa5\xb0\x5c\x3f\xd4\x7c\x0d\xf0\xde\x43\xeb"
	"\xe3\x0a\xf5\xba\x80\xc6\x43\x65\xfc\x98\x9a\xea\xc8\xf8\x92\x49"
	"\x1b\x08\xb4\x28\xa4\x9f\xbb\x56\x9b\x46\x49\x32\x79\x05\x81\x9e"
	"\xec\xd1\x51\xce\x1c\xa6\x7d\x60\x4f\xe0\x65\x5a\xd5\xa7\xb6\x41"
	"\x00\x1f\x4d\x59\x1a\x0c\xc7\xb3\x1b\x77\x65\x47\x96\x23\x6f\xf3"
	"\x56\x62\x86\x7e\x29\x12\x06\x1f\x24\x52\xeb\xdd\xd0\xf7\xed\xfd"
	"\xf8\xf1\xf8\x7a\xf5\x97\x6d\x85\x42\xdc\x28\x43\x7a\x8a\xa4\x8d"
	"\x09\x84\xa7\x12\xc1\xb1\x92\x65\xea\xbe\x55\x82\x65\xeb\x1a\x2e"
	"\x12\x8a\x54\x5e\x49\xea\xc5\x91\x2d\xe2\xe6\x08\x44\x7e\x10\xcd"
	"\xc0\x20\x18\xab\x2e\xa6\xda\x70\xca\x26\xb0\x61\x5a\x68\x3c\xce"
	"\x8a\xc4\x26\x0d\x11\x93\x35\x6d\x91\xb5\x0e\xc4\x67\x27\xe7\xc1"
	"\x4f\x9b\x66\x25\x09\x9d\xe0\x38\xbf\x67\x34\x6b\xbe\xc9\xaf\xac"
	"\x63\x99\x47\xf0\x84\xc3\x85\xba\x16\x70\x46\xdc\xe1\x27\x84\x1e"
	"\xd6\xe9\x9a\x14\x2c\x95\xdd\xa9\x9a\x4e\x4b\x74\x6b\x5d\x9a\xa6"
	"\x54\x9a\xe7\xc9\xe8\x0f\xfa\x16\x58\x83\xcb\x0e\x7e\x9c\x21\xe1"
	"\x08\x2d\xc6\xf6\xf4\x48\xe8\x64\xfa\xc9\xb4\x4b\xe2\x5f\x46\x29"
	"\x59\x6b\xaa\xe0\x8e\x65\xaa\x62\xc7\xdb\xca\xd4\x03\xb3\xcc\x0b"
	"\x95\x45\x52\x1f\x5a\xeb\x3a\x34\xe5\x07\x76\x7e\x54\xd7\xa7\x67"
	"\x82\x37\x9c\x93\xaa\xac\x41\xc9\xab\x91\xfe\x58\xe1\xa4\x91\x5c"
	"\x41\x4d\x72\x84\x44\x6f\x1a\x42\x13\x84\xb8\x1d\x39\xbe\x42\x90"
	"\x99\x3d\x7a\x7e\xcd\x47\xbe\xbe\xc2\x69\x37\xc5\x7e\x32\x4a\x9d"
	"\xe1\xd4\xda\x52\x69\xb7\xc2\xc4\xf5\xa1\xb2\x0c\xe5\x75\x22\xdf"
	"\x20\x32\xb8\x23\xe9\xce\x8e\xda\xa2\x6c\xad\xae\xef\xca\x9e\x6c"
	"\x97\x0c\x1d\xdf\xe4\x52\xbe\x24\xb8\x88\x73\x31\xf1\x2e\xe2\x83"
	"\x23\xa8\x95\x51\x67\x53\xbe\x71\xbc\x13\xba\x6d\x73\xc0\x38\x60"
	"\xb8\x7e\x3c\xfe\xf5\xe3\xfe\x74\xbc\x1e\x30\x76\xc6\xf2\x7a\xba"
	"\x1e\xce\x4f\x49\x04\x80\x51\x7d\x27\x04\x1f\x00\x71\x0f\xa7\x4b"
	"\x4f\x99\xc5\xf4\x65\xb8\xa5\x5b\x54\x2b\x1c\xb9\x28\x89\x18\x84"
	"\x4a\x55\x05\x93\x6d\x4b\xcb\xd4\xed\x2c\x53\x3e\x5e\xd1\xe4\x14"
	"\x72\xa7\x8d\x1c\xb8\x36\xa2\xed\x79\x2a\x6d\x8e\x80\xa0\xe8\x4c"
	"\x08\x6e\x91\xc6\xb4\x40\x5e\xff\x0c\x26\xef\x12\xa6\x8b\xaa\xbb"
	"\xa0\xe1\x8b\xd9\x25\x6d\x42\x80\xe9\x0c\xa6\x4b\x1a\x8e\x60\x62"
	"\x19\x4c\x93\x4b\x98\x2e\xe9\x02\x04\x55\xdd\x60\x5a\x7e\xce\xb4"
	"\xf4\x2f\x28\x69\x79\xc9\x00\x2f\xfd\x0b\xfa\x69\x39\xb9\xa0\x4d"
	"\x8b\x39\xde\x4f\xfc\x00\x06\x13\xfe\xb0\xf8\xbc\x18\xd7\xbb\xa4"
	"\xd9\x9c\x0b\x9f\x04\x84\x06\x69\xfa\xff\x95\x5d\x59\x73\xdb\x38"
	"\x12\xfe\x2b\x2e\x3f\xed\x56\x79\x26\x92\x2c\x2b\xce\x83\x1f\x40"
	"\x12\x94\x38\xe2\x65\x1e\x92\x9d\x17\x96\xe2\x28\xb1\x2a\xb1\xe4"
	"\x92\xe5\x9d\xc9\xfe\xfa\xed\x06\x48\x0a\x24\xd0\x60\xf6\x21\xe5"
	"\x08\xfd\x11\xf7\xd1\x68\xf4\x61\x5e\x90\x6d\x4d\xc6\xfd\x15\xd6"
	"\x10\x26\x83\x8d\xb8\x1e\x44\x0c\x77\xc4\xcd\x20\x62\x36\x88\xf8"
	"\x38\x88\xf8\x34\x88\x18\x0f\x37\x66\x3c\xdc\x9a\x31\xdd\x9c\x65"
	"\x12\xdc\x56\x99\x9d\x5c\x92\xe4\x88\xb9\x78\x36\xb3\xd8\x8a\x70"
	"\x79\x48\x99\x2b\x9e\x21\xc0\x7a\x95\x59\x62\x07\x65\x09\xdc\x65"
	"\x86\x0a\x7b\xcc\x82\x30\x1c\x28\x6e\xce\xf8\x20\x24\xe3\x7c\x69"
	"\x45\x04\xd0\x2e\x16\x7b\x76\x4c\x5c\x06\xc5\x70\xf7\x0d\x35\xaa"
	"\x28\xb3\x65\x90\x2f\x88\x35\x83\x82\x85\x4e\x18\xa6\xd0\xac\x4b"
	"\x5c\xc6\x81\xdb\x7b\x4d\x94\x5a\x07\xdb\xa7\xf7\x23\x7a\xbf\x3a"
	"\xf4\x75\x82\x97\xfc\x51\x39\x23\xf1\x97\x60\x15\xba\xa6\x2f\x18"
	"\x1a\x14\x9f\xc0\xe0\x48\x07\x04\x3e\x25\x12\xfc\x6d\x9d\x05\xf1"
	"\x34\x2a\x18\x71\xb8\x84\x93\x10\x54\xcc\xf2\x16\x55\x02\xe5\x09"
	"\xb3\x5a\xca\x71\x9e\x14\x83\x57\x1e\x5c\x06\x84\x27\x1e\xf1\x42"
	"\x61\x56\xfc\x95\x48\xa1\x9a\x2b\x78\x92\xbc\xc5\x77\x18\x16\xed"
	"\xe5\xaa\x49\x33\x72\xa4\x6d\xbe\x35\x1b\x62\xfa\xb0\x65\x51\x1e"
	"\xfc\x2c\xb2\xb7\x03\x7a\xdb\x34\xf0\x61\x1e\x61\x08\x95\x14\x99"
	"\x75\xb8\x4a\x79\xd9\xdd\x74\xf4\x69\xd6\x6a\xd7\xe3\xfb\xff\x02"
	"\x6e\x2e\x1c\xe5\x1a\x28\x2f\x46\xe1\x5e\xc5\x42\x2d\x3c\xa6\x06"
	"\xb2\x90\x2a\x1f\x32\x70\x3a\xb6\x5e\x3a\x06\xf7\xff\x3c\x65\x8a"
	"\xd8\x5d\x46\xb0\x12\x08\x7c\x43\x96\xd1\x64\x07\xc8\xa2\xd9\x77"
	"\x97\x1f\xfe\xb3\xdd\x7f\x3d\x1c\x3f\x7c\xd9\xed\x3f\xbc\xbf\x3c"
	"\x7f\x78\x7f\xdb\x1e\xd1\x0e\xe2\x8f\xe7\xed\xcf\xd7\xed\xf1\x8f"
	"\xe3\xf6\xf5\xe7\xee\x69\x73\xa9\xf5\x7d\x2d\x28\x33\xf6\x7d\x23"
	"\x44\x43\x63\x09\x5a\xf3\x5e\x83\xd3\x0a\x75\x3a\x94\x8b\x00\x27"
	"\xfa\x24\x6a\x11\x6c\xe5\xf6\x03\x81\x6a\x18\x21\xbc\xca\xf8\x3d"
	"\x06\xf4\xc3\x57\xdf\x92\xdf\x8d\x48\x70\x1e\x78\x05\x73\xf0\x02"
	"\xbf\x90\x96\x65\x9f\x74\x68\x24\x87\xce\xd0\xc4\x48\xf8\xc2\xc2"
	"\xb5\x5b\xa6\x03\xbd\x21\xa0\x30\x7d\xe5\x4d\xfa\x77\xc0\x2c\x4d"
	"\x79\xec\xc9\x47\x8f\x70\x60\xd5\x16\x49\x94\x3c\x26\x76\x0c\xe4"
	"\xc7\x60\xaa\x0c\x94\x8d\x31\x2a\x53\x4a\xf7\xa0\x01\x3d\xb2\x88"
	"\x0d\x34\x81\xf9\x68\x7b\x19\x78\x43\xa5\xb9\x4b\x0f\x7d\x57\x84"
	"\x79\x64\x94\xa1\x6b\x92\x85\x36\xe9\xfc\x1a\x64\x22\xb2\xfc\x31"
	"\x8a\x38\xee\x49\xbd\xdd\xf8\x0c\x29\xb2\x32\xaf\x77\xce\xac\x23"
	"\xfb\x50\x72\x29\xbd\xa0\xb3\x69\x07\x44\xbb\xf9\x2a\x32\x46\xea"
	"\x93\xe2\x56\xdb\xf2\xd2\x31\x11\x23\xbc\x86\x68\xd0\x9e\xeb\xfb"
	"\xf3\x16\x77\x77\x89\x2e\xec\xbf\x1e\xfe\xde\x5f\xfd\xda\xbc\x6c"
	"\xae\x7e\x1e\x36\x5f\x5f\x77\xfb\xab\xb7\xcd\xb7\x2d\x20\x77\x5f"
	"\xaf\x76\xfb\xd3\xf6\x3b\x9e\x5e\x57\x6f\xdb\x9f\xbb\xfd\xfb\x3f"
	"\x57\x6f\x2f\x9b\xa7\x1f\x57\xa7\xc3\xcb\xe1\xd7\xe1\x6a\xf3\xfa"
	"\xba\x81\x1d\xe3\x78\xf5\xe5\xf5\xdb\xa5\x3c\xee\x96\xdb\xe3\x7e"
	"\xfb\xf3\xe2\x79\x73\xfc\xba\x15\x8e\x22\x0f\x3d\x23\xa8\xed\x0b"
	"\x5a\xa3\xef\xf6\x3b\x74\x00\xbe\xfb\xef\xa6\x76\x97\xdf\x06\xef"
	"\x10\x52\x32\x7c\x54\x81\x45\x99\x89\x18\xb5\xb8\x5b\xc1\x62\x50"
	"\xf6\x3c\x23\xea\x33\xcf\x92\xca\x61\xea\x40\x93\x38\x75\x14\x83"
	"\x42\x9a\xd8\xa2\x46\x6c\xcf\x1e\xa3\x25\xa1\xfe\x72\x5d\x0b\xc2"
	"\xf5\x52\x07\x8a\x45\xd0\x38\xf1\x3a\x1a\xa2\x3c\xb3\x1e\xa9\x24"
	"\xb6\x82\xd1\x7a\x97\xc0\xb6\x62\x2a\x0c\x25\xda\x3e\x1e\x1d\x7f"
	"\xbd\x9e\x0e\x17\x4f\x68\xf4\x77\x38\x5e\xc8\xcd\x5c\x7d\x11\xaa"
	"\x23\x8f\xfa\x81\xf1\x51\xb8\xa6\xb2\x70\xce\x54\x15\xf0\x4e\xf2"
	"\x44\x4f\xef\xbc\x73\x2b\x89\x3a\xd4\x09\x97\xae\x30\xa4\xa6\x29"
	"\xfa\x47\xb8\xf5\x1a\x13\x75\x68\xa6\xae\xd2\x73\x9a\x11\xa8\x0b"
	"\x6d\x9a\xaa\x93\x35\x61\x54\xed\x97\x69\x3a\x31\x25\xea\x39\x20"
	"\x9b\x67\xa8\x4e\xce\x3a\x8f\xa9\x32\xd5\x5b\xd0\x63\xc4\x5d\x4f"
	"\xef\x14\xcd\xd2\xaa\x9b\x3e\x31\x94\x41\xd8\xfa\x76\x3f\x6c\xd5"
	"\x1f\x51\x97\x32\xd7\xb2\x9f\xfb\xe3\xc9\x6d\x54\x86\x1a\x21\x2e"
	"\x43\x73\xa2\xa9\x26\xa9\xf8\x4b\xd7\x05\xd9\xba\xfb\x92\x97\x5c"
	"\xcb\x51\xfc\xf1\x0c\x59\x46\x92\x62\x99\xe9\x65\xb1\x00\x0e\xd9"
	"\xf0\x29\xe1\x0c\xa0\xa6\xe6\x41\xe4\xb5\x5e\xf8\xde\x4f\xcf\xe8"
	"\xb6\xf8\x69\x73\xda\x7e\xbd\xe0\xfb\x27\x5c\x83\xb0\xb3\x5d\xfc"
	"\xbd\x3b\x3d\x5f\xb0\xb7\xb7\xc3\xd3\x4e\x90\xbc\xcd\x69\x63\x58"
	"\x8b\xae\x1b\xd1\x05\xcd\xdd\x48\x6f\xee\x02\x95\x2b\x27\xa3\x34"
	"\x09\x1f\xc7\xd7\xa3\x1b\x43\xed\x19\x2a\xcf\x8d\x09\x57\xf5\x3d"
	"\x4c\x38\x08\x9a\xdc\xcc\x6c\x18\xe0\x18\xca\x7c\x46\x58\x64\xa8"
	"\x98\x71\xcf\xe5\x72\xaf\x4f\xf9\x7d\xb0\xd2\x1a\xcb\xa1\xa9\xb0"
	"\x1b\xae\x9a\xde\x76\x44\xe8\x15\x64\x55\x95\xeb\x54\xd3\x31\x8e"
	"\x69\x24\x5d\xdf\xa1\x0b\x75\x0b\x7d\xb5\xb8\x86\x29\xce\x5d\xc7"
	"\x90\x75\xd8\x7d\x91\xd3\x67\xb4\xe3\xd2\x45\x3f\x14\xb9\x21\x4b"
	"\xe0\x35\xd6\x19\xe1\xfc\xb2\x19\x13\x0f\xae\xb5\x45\xa9\xfb\xaa"
	"\x5d\x6c\xde\x9e\xa9\xae\x01\x9e\x41\xdf\x43\x4d\x89\x0f\xe6\x5e"
	"\x5c\x45\x86\x28\x3a\xde\xee\xfb\xf6\xed\xa4\x17\x96\xb9\xd7\x13"
	"\xd7\xb0\x4c\x21\xd9\x90\xb5\x13\xb2\x25\x9f\xe4\xb6\x26\x4b\x88"
	"\x63\x83\x40\xee\xc5\x78\xe4\x05\xbe\x65\x31\x19\x4f\x12\xcb\x32"
	"\x8a\xbc\xa9\x65\x6f\xf4\x8c\x9f\x04\x30\x61\xd1\x63\x06\x21\x06"
	"\x69\x36\xfc\xc8\x1b\x58\x9e\x88\x98\x8d\x06\x10\x03\x2b\x13\x10"
	"\xd7\x13\xdb\x92\x5b\xb0\xb1\xd6\x1f\x90\x08\xd9\x9a\x92\x6f\xc6"
	"\xa6\xe1\x03\xc2\xb5\xad\x12\x79\x64\x25\x17\xf3\x6c\xfc\x69\x62"
	"\x43\xac\xd3\x9b\xb1\xee\x34\xde\xdd\xbd\x3e\x77\x5c\x69\xb4\x3b"
	"\x56\x6e\xdc\x10\xf3\x5e\xdc\x72\x0d\x11\x97\x4e\x60\x63\x8a\x32"
	"\x77\x6a\x9c\xbc\xc9\xda\xef\x89\x90\xb4\xa9\xc9\x22\x1e\x86\x01"
	"\xb3\x63\xf2\xe2\x66\x08\x30\xa3\xab\xe7\x19\x9b\xed\x6b\x67\xaa"
	"\xb6\xdf\x2c\xd8\x67\xe6\x59\xc7\x0f\xee\x96\xcc\x36\x8b\x9a\xf3"
	"\xc8\x34\x37\x38\xb7\xe7\xcd\xb3\xb4\x67\x50\xaf\x4f\x9f\xa9\x75"
	"\xfa\x70\x46\xd7\xac\x58\x27\x38\x36\xda\x5c\xae\xd3\x7b\x9e\x3d"
	"\xdc\xc3\xcb\x2b\xc6\x13\xe8\xde\x4a\x9a\xee\x15\x2f\x7e\x5a\x4e"
	"\x52\x4b\xb6\x5f\xa9\xdb\xe9\x84\xae\x94\xd4\x95\xd5\x8e\x12\x7c"
	"\xe4\xa4\x3f\xaa\x95\x66\xa5\x13\xfa\xcd\xfe\xeb\xe1\xe5\x22\x7e"
	"\x7f\xf9\xb2\x3d\x36\x51\xc8\x4c\x95\x66\x71\x1e\x54\x6e\x6a\x62"
	"\x8a\xbd\x0c\x35\x5f\x78\x5c\x9a\x29\xf5\xc9\xa0\x31\xa4\x82\xc6"
	"\xec\xb3\x5d\x80\xdc\xc2\xc2\x55\x22\x42\x2b\xf7\xaf\x00\xef\x58"
	"\x1c\xcd\x0c\xd2\x47\x82\x51\xad\xe0\xfe\x31\x58\x7e\x0b\xcc\x6b"
	"\x6e\xfd\xb7\xc0\x19\x61\x5a\xd2\xc7\xe1\xbd\x86\x6e\x99\x90\x12"
	"\x75\x1d\x1b\x35\x94\xb5\xa9\x3f\xf9\x0a\xd8\x3f\xeb\x61\x8f\x10"
	"\xb8\x0c\x0a\x07\x8b\x71\x7c\x73\x43\xd8\x6a\xab\x19\xb2\x55\x50"
	"\x46\xa8\x9b\x3c\x84\xbc\x77\xb9\x6d\x43\x59\xd5\x7e\xde\x73\x74"
	"\x8d\xaf\x4f\x7d\x09\x68\xae\x9f\xc6\xdc\xe1\x0f\xd1\x6a\xd4\x67"
	"\x95\x3f\x87\x2b\x89\x41\x6d\xed\xa3\x23\xfb\x91\xf2\x74\xa5\x80"
	"\x16\x01\xac\x88\x9c\xbb\xbf\x55\x68\x60\xec\x9e\xae\xdc\x48\x98"
	"\x32\x2a\xba\x3e\x67\x62\x5a\x3a\x61\x8d\xc9\x4b\xa7\x0b\x7b\xb8"
	"\x19\x7d\xaa\x5c\x9e\xa1\x05\x11\xba\x46\xd1\xcc\x4d\xd2\xa5\x9b"
	"\x7f\xac\xb5\x6e\x14\xea\xf9\x69\x40\xd0\xf1\x8e\x82\x05\x10\x01"
	"\x99\x84\xea\x5d\xca\xa5\x2a\xb7\x70\xb9\x84\x85\xf5\x4c\x02\xe4"
	"\xce\x87\x31\xd9\xbe\x89\x1b\xcc\xdb\xc5\x37\x74\x9f\xbe\xfb\xbe"
	"\x97\x21\x2a\x9e\xd0\x4d\xce\x6e\xff\xfd\xbc\xb9\xd4\x26\xef\xb9"
	"\x7c\x39\xb8\xbb\x7c\x82\x8f\xdf\x3e\xe0\x17\x00\xab\x7e\x6c\x7f"
	"\xfd\xf9\xba\x7d\xb9\x54\xb4\xaf\x0a\x1e\xd1\xa2\x34\x9d\x9e\xdf"
	"\x5d\x5e\x76\x34\x15\x90\xce\x1f\x8a\x8c\xa9\x5d\x46\x49\x0d\x93"
	"\xd8\x43\x4f\x73\xbd\xf2\xcc\x68\x99\x35\xf0\x96\xee\x32\x0c\xf2"
	"\xc2\x04\x6e\x9f\x58\x62\xcc\x55\x28\x71\xfb\xcd\x3e\x1c\xee\xbe"
	"\x1c\x37\xc7\x5f\x17\xc7\xc3\xfb\x69\xb7\x57\x99\x6e\x07\x16\x2c"
	"\x47\xa7\x61\x5c\x15\xe8\xaf\xb8\xd4\x05\x33\x51\xe5\xcb\x0b\x53"
	"\x6e\xcb\x4d\x6c\x82\xbc\xc8\x62\x17\x9f\x08\x32\x74\x95\xdf\x99"
	"\x25\x2a\x24\xe4\x31\x41\x8d\x39\xaa\xc8\x06\xaa\x52\x46\x1b\xf7"
	"\xc0\x0d\x5a\xb3\x26\x55\x5b\x0d\x35\x52\xdd\x28\x7d\x70\x17\x73"
	"\x21\x80\xcd\xb8\x6f\xd0\x67\xf3\xd1\x6c\x4f\x98\xb1\xa6\x61\xcf"
	"\x10\x2e\x88\x6b\x85\xeb\x34\xd0\xdd\x5f\xd5\x42\xaa\x9f\x64\xf7"
	"\x35\x47\x62\xe0\x34\x77\x83\xa6\xc6\xfa\xf9\x1b\x38\x35\xff\xf1"
	"\x1b\x10\x33\xa9\xcc\x56\x7c\x72\x73\x33\xfe\x64\xcf\xa1\x85\x19"
	"\xc9\xcd\x25\xa2\xca\x84\xff\xcf\x4f\x36\x88\xad\x18\xe5\x32\x42"
	"\xb5\xa2\x73\xf1\x3f\xfb\xc9\x47\xed\xc3\x98\xdf\xab\x1f\xba\x18"
	"\xef\xa0\xe8\x08\xb8\xdc\xf1\xac\xbb\x23\xbb\x95\x7e\x6b\xea\x90"
	"\x83\xa2\xac\xcc\x92\x10\xed\x36\x07\x09\x36\x67\xff\x35\x00\x76"
	"\x45\xee\x3c\xde\x1a\x3e\x95\x14\x8a\xdd\x13\x10\x96\xad\xa9\xc5"
	"\x2f\x11\x4e\x40\x71\x93\xee\x8c\xcc\x99\x24\x7c\x34\x49\xcf\x03"
	"\xa7\xbd\xe0\xaa\x58\x93\x0e\xfa\xc3\x43\xf7\xca\x29\x9e\x0b\xf4"
	"\x09\x20\x93\xc5\xc2\x92\xcf\xc0\x14\x44\xa3\x9e\x35\xf9\x58\xec"
	"\x25\x91\x7d\x00\x3e\xe3\x34\x01\xee\xa4\xcb\xc9\x8a\x54\x8d\xbf"
	"\x55\x95\xf8\xba\xa9\x1e\x37\xa5\x4f\x8d\x68\x55\x71\xaf\x8b\x36"
	"\xe5\xd2\x51\xcb\xeb\x25\x77\xf0\x67\x53\xc1\xcf\x48\x30\x3e\xac"
	"\xb4\xaa\x77\xf3\x8e\x95\x96\x42\x70\x80\x30\x31\x52\xc2\xcf\x11"
	"\x23\x08\x53\x7d\x17\x35\x3c\xfe\x02\x2b\xe2\x55\x79\x12\x26\x91"
	"\x6a\x26\xa5\xa6\xe2\xc3\xfc\x2d\x41\x82\x02\x15\x52\x01\x67\x5f"
	"\xce\x71\x72\x98\xd2\xaa\x65\x94\x1a\xd3\x9d\xc8\x98\xec\xe7\x6a"
	"\xcc\xa1\x3c\x4f\xdc\x00\x8e\x1e\x71\x34\x65\xac\xf3\x46\x2d\x2c"
	"\x5e\x55\xd3\x3b\x99\x24\x63\x08\xa8\x47\x06\xa6\x7b\x6a\x87\xc5"
	"\xa2\x31\x73\x4c\xac\xe0\x5c\x9a\x17\x8b\x1e\x0d\x09\xf8\xc4\x8e"
	"\x0f\xb5\x7d\x4d\x69\xa4\xe1\xb3\x7b\x55\x54\xb3\xa9\x13\x14\xbd"
	"\x13\xb4\xe9\x74\x84\xb9\xc9\x42\xdc\x18\x94\xa1\x8a\x58\xe3\x02"
	"\x22\x49\xf3\x8e\x27\xca\xa4\x08\x1d\x25\x61\x1e\xca\x71\x53\x36"
	"\xc7\xb4\xac\xb2\x4e\xc3\xbc\x7b\xf5\x3c\x0e\x93\x8e\x08\x10\x7f"
	"\xdb\x16\x5b\x1c\x76\x6d\x4e\xdc\xf0\x33\x1a\x7c\x77\x36\x8d\x24"
	"\xf3\x08\x31\x11\x74\x80\xf9\x61\x28\xbb\xc7\x33\xc2\x64\xd1\x10"
	"\xa5\x01\xac\x64\xa5\x89\xfa\xeb\x27\xd0\x7d\x4f\xe9\x2e\x0c\xbd"
	"\x22\xed\xac\xb3\x47\xa2\x9f\x57\x5e\x9e\xe8\x53\x7e\xce\x8b\x22"
	"\x88\x78\xe2\x7b\xea\x9c\x69\xa8\xf5\x2e\xd5\xfd\x34\x47\xaf\xc3"
	"\x49\x68\xe0\x23\x72\xe1\x34\x23\x50\x15\x1b\x60\xdc\x7b\xc6\xd6"
	"\xa8\x3d\x82\x26\xed\x86\x0e\xef\x3e\x3e\x36\xdc\xaa\x48\x7d\x3d"
	"\xee\xf6\xa7\x1f\x32\xfa\xdc\xcb\xf6\xed\xbb\xae\x89\x23\x58\xba"
	"\x65\x85\xad\xe9\xa8\xe4\xa3\x36\x2e\x6a\xd2\x4a\x67\xbe\xcd\x53"
	"\xd1\x47\x12\x71\x5f\x06\xbc\xb8\x9b\x9e\x4d\x01\x24\xeb\xae\xe5"
	"\x30\x55\xf4\x76\x92\xa4\x68\xca\x17\x66\x3e\xe6\x99\xf0\x18\xb3"
	"\x28\x70\x75\xdb\x40\xe5\xd5\x17\xad\x84\x9b\x1a\x95\x31\x1e\x39"
	"\xc8\xf9\x27\x81\x16\x7a\xa8\xf7\x4d\xcd\xca\xe3\x8b\x7e\xd5\xf7"
	"\xaf\xdb\x8a\x44\x76\x3f\xb7\x7f\x9c\xd0\x63\xa6\xb8\x0a\xbc\x89"
	"\xce\x7c\x92\xe9\x47\xbd\x3f\x65\xc6\x7d\xb7\xc4\xe7\x54\xb4\xc5"
	"\x2b\x5d\x42\x2a\xa4\xc0\x72\xe0\x29\x8b\x21\x90\xb7\x66\x99\x3f"
	"\x1d\x42\x39\x85\x99\xbb\x99\x7b\xb0\x80\xdd\x2c\x48\x0b\xa3\x3d"
	"\x84\xf4\xb2\x12\xc1\x3d\x42\x2a\x8c\x28\xc6\x5d\x19\x8b\xb8\xb0"
	"\xe2\xbc\x9b\x8c\xa6\xb7\xdd\x49\x9a\xc2\xae\x8a\xd1\x86\x22\x2a"
	"\x82\x19\x13\x1e\xfb\x10\x45\x28\x93\x01\xf7\xed\x61\x06\x4e\x42"
	"\x28\x75\x08\x4d\xd0\x64\x1d\x13\xa2\x8d\xda\x41\x36\x61\x49\x00"
	"\xe5\xc3\xa4\xb0\x84\x1e\xa9\x5d\x76\xd7\x8e\x7f\xa2\x20\x8f\x58"
	"\x41\xc6\x0d\xe9\x82\x44\x9f\x68\x5e\xf1\xd4\xf5\xbe\x66\x71\x51"
	"\xf7\x5f\x33\x3f\xfb\xfd\x5a\xa7\xeb\xd3\x47\xba\xfc\x5e\xa3\xbb"
	"\x6a\x83\x87\xf5\x73\xf8\xd8\x40\x58\x31\xa9\xd1\xed\x94\xc4\xf6"
	"\x35\x5d\x8e\xef\xdd\xe8\x9f\xb1\x09\x05\x37\xa9\x40\xbd\x8d\xc9"
	"\x1a\x48\x6f\xd8\xcd\xfd\xaf\xd6\x67\x68\xdd\xe4\xab\x6f\x7b\x62"
	"\x88\xe0\xd4\xe5\x71\x4e\x79\x60\xa8\xbd\x81\x03\x50\x1c\x44\x44"
	"\xec\x8a\xd2\x69\x81\x31\xd4\x6e\x20\x2f\x09\xa9\x92\x24\xa2\x27"
	"\x0e\xf4\x6f\x9e\xc4\xd4\xa5\xf8\x5c\x2b\x98\xaa\xbe\x05\x92\x25"
	"\xe8\x51\x88\xf6\xae\x23\x51\x89\x83\x6e\x08\xf2\xa1\xc6\x51\x21"
	"\x43\x10\x21\xb4\xb9\x0c\x23\x2d\x8e\xa9\x7a\x5c\x80\x4f\x41\x37"
	"\xe6\xfa\x9c\x69\x28\xb6\x99\x2e\x74\x37\x4a\xdc\xae\x2d\x28\xa3"
	"\xfa\x4e\x7b\x84\xd5\x18\x69\xc9\xa8\xd7\xa2\x26\xd8\x76\x62\x1e"
	"\xc9\x28\x0f\xd6\x4d\xaf\x9e\xf6\xc8\x3b\x91\x3d\x22\x99\x42\x96"
	"\xab\x8a\x82\x3d\x02\xba\xfe\x29\x98\x6a\xa4\x5f\x6b\xcb\x48\xaa"
	"\x7e\x3f\x55\xa9\xe7\x6f\xcf\x0a\xa4\x48\x30\x59\xe2\xc9\x0f\x84"
	"\x13\xfb\x91\xd6\x67\x4b\x37\x59\x69\x65\xc0\x07\x90\x5c\x15\x19"
	"\x83\xa5\x9e\x76\x6e\x38\x88\xb7\x0d\xe3\x02\x43\x75\x6a\x2f\x94"
	"\xb8\x38\x2f\xc2\xc3\xd3\x8f\xf7\x57\x79\x74\x2d\x36\xfb\xef\x5d"
	"\x37\xcf\x89\x5f\xa0\x90\xa3\x4c\xdb\x88\x2d\x44\x31\x48\xac\x16"
	"\xe8\x32\x0a\xbd\xf3\x1b\x41\xeb\x7b\x74\x9d\xe6\x2e\x3c\x63\xb8"
	"\x04\x65\x81\xaa\xdc\x69\x27\xb9\x56\x48\x1c\x77\x89\x82\xdb\x2a"
	"\x0b\xc5\x03\xbd\x88\x1e\xd1\x8f\x5b\x22\x12\xfb\x87\x6f\x9b\xbd"
	"\x24\x53\x6c\x44\x0b\x03\xfe\xbe\x58\x64\x49\x81\xbe\x0c\x8c\x8e"
	"\xc9\x30\x9b\x46\xc7\xf2\xdc\x8d\x22\x73\xb9\x98\x50\x2b\x71\xe8"
	"\x80\xc1\x16\x2d\x39\x4f\x07\x36\x22\xb8\x18\x45\xa9\xce\xee\xe1"
	"\x88\x2a\x01\x4a\xfe\xf5\xf6\xba\xdb\xa3\x66\xc0\xdb\xd5\xc5\xcb"
	"\xfb\x69\xfb\xcf\x16\xfe\xb3\x3d\x3d\xfd\xf9\xe7\x9f\xff\x3e\xf3"
	"\x26\xc2\x1d\x86\xc8\x57\xf8\x34\xaa\x4d\x8a\x7b\x66\xa5\xab\xd6"
	"\xed\x85\x39\xd4\x8e\x88\xc3\x55\x30\xdb\x32\xc5\x0b\x52\x09\x77"
	"\x2e\x6e\xe3\xbd\x72\x68\x39\x66\x66\xdb\x14\x06\x33\x59\xaf\x25"
	"\x08\x76\xca\x64\xdd\x57\x68\xee\xd7\x0a\x1d\xa9\xd8\x32\x13\x4d"
	"\xa3\xcf\xa2\x3a\xde\x41\x91\x20\x37\x9a\x87\x30\x74\x03\x79\x61"
	"\x1f\x8b\x77\x98\x9a\x67\xcf\xe9\x0e\x85\x35\x57\x08\xbf\xc9\xd4"
	"\x69\x72\x6e\x28\x7d\xe3\x12\x73\x4f\xec\x1c\xea\x90\x0a\x96\x04"
	"\x35\xf3\xca\x18\x5f\x23\x61\x8e\x4a\x51\x89\xa5\xf2\x4b\x79\x6a"
	"\xd9\xcf\x1c\xf8\xb7\xe2\x99\x93\xa8\x52\xdc\x21\x0a\x4a\x99\xf5"
	"\xd3\x01\xba\x08\x09\xb6\xb9\x62\x5b\x22\x8d\x23\x32\xdb\xd0\xba"
	"\xc0\x75\xc3\x45\x39\xe8\xa9\x09\xcb\xe7\x44\xb7\x34\xf3\x30\x40"
	"\x90\x2a\xfc\xe4\xa8\x20\x82\x1a\x3a\x05\x82\x47\x16\x0c\x0e\x8c"
	"\x41\xb3\x8d\x4d\xc6\x2a\xfd\xbc\x41\x21\xe8\x6e\xd4\x2b\x00\x47"
	"\x94\x2c\x9e\xdf\xe7\x83\x57\x23\xd8\x94\x25\xef\x98\xd1\x71\x79"
	"\xea\xa1\x13\xb3\x11\xf8\x36\x7c\x05\x22\x04\x89\xd0\x98\x45\x52"
	"\xa4\xa1\x64\x1d\x84\x15\x28\xed\x1b\xad\x8d\xe1\x21\x22\xd5\x98"
	"\xbd\x32\x29\x4e\x2d\x48\xcf\x4d\xe7\xe5\x02\x25\xc6\xee\x63\x91"
	"\x98\xfc\x33\xc6\x49\x2a\xbb\x2b\xeb\x9d\xfd\x7e\x19\x4b\x4e\xdd"
	"\x4e\x9d\x67\x2c\x5d\x98\x31\xcd\x35\xd4\x6f\x16\x58\x27\x03\x79"
	"\x5e\x47\x22\xda\x2d\xf0\x8d\x28\xd8\xe8\x41\xd0\xaf\x80\x98\x01"
	"\x88\x14\x2c\x7e\xde\x43\xb8\xf5\x87\x32\x17\x45\x78\x25\xf2\x76"
	"\x71\x64\x14\x79\x19\x6e\x2e\x4e\xe9\xfb\x1d\x9b\x73\x61\xfe\x8a"
	"\xf8\xce\x13\x13\x8e\x0f\x0e\x69\x1d\x8e\xa4\xdf\x3c\x0c\x51\x7b"
	"\x0e\xde\xa2\x06\x3a\xcb\x0a\x47\x4f\x39\x47\xba\x81\x99\x90\x77"
	"\xab\xd9\xc9\xa2\x91\x86\xf4\xcb\xab\x81\xca\xf1\xd3\x0c\xbf\xb6"
	"\x77\xf5\x86\x8d\xf2\xbe\x87\x27\x24\x0a\x86\xa4\xa9\x0d\x25\x37"
	"\xca\x31\xce\xd5\x70\x46\x36\x88\x3c\xe3\x2d\x80\xc5\x1a\xe6\xa7"
	"\x0d\x50\xcf\x94\x7a\x36\x98\xeb\x2a\x3f\xaf\xf2\x18\xb8\x5c\x58"
	"\x69\xa6\xe7\x38\xd8\xc2\x61\x24\xe1\xb4\x16\x6f\x9b\x7d\xed\xed"
	"\x26\x9d\xc5\xb0\xfc\x44\xe4\x09\xf9\x01\x71\x94\xb6\x70\xf4\xa7"
	"\x6a\x03\x4a\xe6\xc6\xd2\x3a\x27\x5c\x8a\xe7\xe3\x20\xd1\x77\xad"
	"\xd6\x2b\x6b\x96\x38\xbc\x1e\xaa\xf3\xd8\x3b\xa9\xaf\xa5\xf5\x90"
	"\x5a\x1f\x16\x0c\x76\xde\x94\xde\x9d\x31\xa6\x19\x86\xc9\x9b\xcf"
	"\xa9\xc3\xe1\xbc\x18\x2b\x07\x76\x95\x45\xc4\x32\x33\x3f\xa2\x2c"
	"\xb7\xff\x03\x39\x58\x43\x65\xee\x0a\x01\x18\x8d\x94\x4d\xe6\xc0"
	"\x1b\x0b\xc1\x31\x8e\x97\xc9\xa9\x79\xbd\xb4\x6a\x9b\xb3\xbe\xef"
	"\x6b\x21\x5a\x86\xd3\x96\x72\xb3\x95\xc1\xbe\x03\x07\x94\xa8\x05"
	"\x66\x53\xeb\xc7\x28\x71\x91\xd1\xc1\x37\xf6\x6a\x0e\x0b\x97\x08"
	"\x9d\x6c\xa3\x3a\x0d\x83\x22\x3d\xaf\xd2\xe7\xaa\x83\xbe\xbe\x68"
	"\xba\x10\x90\x60\x5f\xd8\x61\x70\x78\xe3\x69\x45\xd2\x25\x2f\x87"
	"\xf1\x50\x0d\x4c\x55\xb7\x49\x0b\xfe\xe0\x51\x8e\x7d\x65\x9b\xa5"
	"\x7c\x56\x1a\x99\xe5\x34\x6e\x09\xc0\x22\x79\xa0\x01\xf2\x8d\x9d"
	"\xa6\x4b\xd1\xb0\x95\x0e\x07\x6e\xe8\xd1\x88\xb2\x0c\x2c\x54\xf4"
	"\xdd\xe5\x03\x37\x4d\x23\x32\x14\xb0\x16\xa4\x77\x5b\xd9\x5f\x94"
	"\x92\x92\xa0\x06\x1e\xa3\x89\xe1\x32\xb2\xd4\x1d\xf5\x90\xfa\xfe"
	"\xc4\x7a\x1d\x90\x9a\x7b\xcf\x0f\x62\x0c\xcb\x3e\xb4\xd4\x45\x1e"
	"\x7e\x90\x45\x6b\x2a\x92\xb1\x1c\x6f\xe1\x27\xc8\x52\x51\x5a\xa2"
	"\x5d\xcf\x17\x61\x9c\x48\x1a\xa5\xca\xc9\x12\x25\x96\x91\x8a\x78"
	"\x44\xca\x4b\x9a\x32\xf0\x16\x42\x40\xe0\x73\x72\xce\x4b\x99\x94"
	"\xf0\x99\x8d\xaf\x34\xc2\x73\x2c\xc1\x90\xb5\xcc\xab\x05\x7c\x96"
	"\x71\xac\x05\x1f\xd8\xf3\x6b\x9d\x86\x7c\x40\x9c\x33\xf7\x3a\x0f"
	"\x47\xf8\xdb\x26\x8e\x2a\x1d\x21\x78\x61\xe8\xf1\xfe\xb3\x38\xd8"
	"\x3a\x71\xa0\x1c\xb3\xb8\x46\x91\x66\xad\x30\xfa\x5d\x90\x8b\xdb"
	"\xe0\x9a\x77\x4c\x2b\x58\x16\xc1\x8e\x91\x16\x22\xa6\x83\xd8\x49"
	"\x09\x49\x73\x1a\xa0\x28\xa2\xe1\xbe\x02\xe2\x41\x4b\x66\x27\xaf"
	"\x64\x58\x57\xc1\xa9\x01\xa7\x42\x05\xdd\xae\x39\xfa\x07\xe3\x9b"
	"\xaf\xb8\xa0\xa2\xcf\xb1\x5a\x3a\xa9\xd7\x3b\xe3\x68\x7d\x45\xdc"
	"\x55\x24\xa4\xf1\xbc\x9a\xa1\xa0\xd9\xe1\xbe\x70\xa2\xcd\x96\x6d"
	"\x8c\xb4\xf4\xf0\xf7\xf6\x28\x03\x9a\xbc\x6c\xf7\x27\x73\x70\xd4"
	"\xb4\x17\x4e\x30\x8d\xfa\xb2\x9a\x36\x62\xae\x29\x88\x2e\x7a\x91"
	"\x84\xde\x17\xc6\x9d\xf0\x3f\x0a\xd2\x22\xaa\x22\x72\x7b\x2f\x8b"
	"\x35\xcc\x65\x85\xf9\xc2\x73\x86\xc8\x0c\xd2\xe0\xb7\x70\xbc\x70"
	"\x56\xe3\xd1\x10\x32\x29\x45\x74\xce\x22\x9a\x9a\x06\xea\x0c\x6c"
	"\x6e\x15\x19\x4f\xc3\xa0\xf7\x86\xae\x64\x57\x44\xa6\x64\x57\x0d"
	"\xaa\xd5\x49\x96\x6e\xda\x6b\xa3\x25\x13\x26\xc9\x8d\xdd\x5e\xa4"
	"\x1e\x23\xd2\x23\x73\xf7\x22\xa5\xf7\xa4\x60\x6d\xb0\x9b\x1b\x5b"
	"\xb8\x58\xf7\x7c\x05\x2a\x5d\x84\xa1\x32\x4c\x84\x8c\x47\x49\x21"
	"\x3a\xd9\x4e\xd5\x5e\x3c\x0c\xed\x9b\x97\xe6\xe6\x89\x49\x26\x5c"
	"\x1d\xd9\xa2\xa4\x89\x30\x5a\x41\x9e\xc2\x86\x9f\x52\xac\x4f\x0f"
	"\x83\x4e\x0b\xfa\x11\x09\xce\x1b\x2a\x0f\x45\x2c\x9a\xd9\xc7\x09"
	"\xae\x9c\xd9\xcd\xed\xcd\x5f\xce\x75\x15\x4d\xae\x2b\x7f\xe1\x75"
	"\xe4\xa6\x2a\xb2\x08\x47\xb3\x99\xbf\x8a\xdc\xd1\xa4\xc6\xa9\x9b"
	"\x34\x20\xf3\x19\xbf\xf5\xdd\x71\xc5\xa2\x7c\x36\x1b\x3d\x64\xa3"
	"\x71\xb5\xf0\xa8\x4d\x5d\xe2\xaf\x7d\xf7\x5a\xe0\xa7\xb3\x47\x0f"
	"\xf0\xbe\xf5\x83\xc5\xc3\xed\xf5\x78\x32\xae\xd2\xd4\xbd\xbe\xf9"
	"\xe8\x39\xe3\x71\xb5\xbe\x7f\x98\xb3\xa1\x4f\xa0\xc2\x05\xac\xaa"
	"\xe9\xba\x8c\xaa\x75\x69\xff\x40\xc4\xff\xb9\xae\x8a\x7c\x3c\x99"
	"\xde\xc3\xe4\xa3\x0b\x68\xe2\x1b\xd4\xf1\x60\x65\xe7\x9b\xf6\x4d"
	"\x49\x31\xc5\xbe\x10\x5e\xe2\x45\xb9\x44\x8d\x32\x94\x29\xd5\xa1"
	"\x26\xcc\x9b\x02\xc6\x45\x6c\xee\xb1\xf6\x20\xf2\xe8\x0e\x30\xec"
	"\xf1\x4d\x62\xc7\x2d\xb6\x4f\xcf\x17\xaf\x9b\xa7\x1f\xb0\xe5\xb6"
	"\xd6\xc4\xd9\x4b\xbc\x3d\x5d\xa0\x5b\xce\xfd\x5b\xf7\x09\x3a\x8b"
	"\x50\xe5\x11\x25\x57\x8a\xbc\x40\xa4\xe5\x0b\xdc\x4a\xff\x07\x7c"
	"\x33\xf1\x4e\x55\xbd\x02\x00"
MAGIC_END;
